,age,minutes,shots_on_target_against,goals_against_gk,saves,save_pct,psxg_gk,passes_completed_launched_gk,passes_launched_gk,passes_pct_launched_gk,passes_gk,passes_throws_gk,pct_passes_launched_gk,passes_length_avg_gk,goal_kicks,pct_goal_kicks_launched,goal_kick_length_avg,crosses_gk,crosses_stopped_gk,crosses_stopped_pct_gk,def_actions_outside_pen_area_gk,avg_distance_def_actions_gk,name,Venue,TeamName
0,29,90,5,1,4,80.0,1.3,10,13,76.9,31,6,35.5,34.3,4,50.0,50.0,3,1,33.3,3,18.6,Alisson,Home,Liverpool
1,29,45,2,1,1,50.0,0.5,6,9,66.7,10,4,40.0,47.2,5,100.0,81.8,10,1,10.0,0,8.7,John-Ruddy,Away,Wolves
2,34,90,3,0,3,100.0,0.8,7,30,23.3,24,2,87.5,55.1,10,90.0,62.4,21,0,0.0,0,11.8,Tim-Krul,Home,Norwich City
3,29,90,6,2,4,66.7,1.7,12,31,38.7,27,3,96.3,59.2,6,83.3,59.3,8,0,0.0,3,21.0,Nick-Pope,Away,Burnley
4,29,90,8,3,6,75.0,3.3,3,9,33.3,29,4,24.1,31.2,6,33.3,34.2,2,0,0.0,2,15.3,Jose-Sa,Home,Wolves
5,24,90,1,0,1,100.0,0.2,7,17,41.2,25,5,48.0,42.7,8,62.5,55.3,8,2,25.0,0,8.3,Robert-Sanchez,Away,Brighton
6,29,90,3,1,2,66.7,0.9,11,19,57.9,25,8,64.0,47.6,5,60.0,46.2,6,2,33.3,2,16.9,Nick-Pope,Home,Burnley
7,23,90,3,0,3,100.0,0.6,8,20,40.0,40,10,30.0,32.6,9,88.9,71.0,24,2,8.3,1,13.8,Aaron-Ramsdale,Away,Arsenal
8,35,90,2,1,1,50.0,0.8,1,4,25.0,8,3,25.0,26.6,10,20.0,34.9,2,0,0.0,1,24.5,John-Ruddy,Home,Wolves
9,26,90,4,1,3,75.0,1.1,10,22,45.5,25,4,60.0,40.9,14,50.0,40.6,15,0,0.0,1,14.0,Angus-Gunn,Away,Norwich City
10,23,90,3,1,2,66.7,1.0,7,16,43.8,21,3,47.6,41.4,8,75.0,59.6,10,1,10.0,0,13.0,Robert-Sanchez,Home,Brighton
11,34,90,3,2,2,66.7,1.1,2,8,25.0,16,2,50.0,37.3,6,0.0,16.5,8,0,0.0,1,15.5,Kasper-Schmeichel,Away,Leicester City
12,23,89,2,1,1,50.0,0.8,2,11,18.2,41,5,26.8,31.6,2,0.0,9.5,8,0,0.0,1,14.0,Robert-Sanchez,Home,Brighton
13,31,90,4,1,4,100.0,1.1,4,10,40.0,26,9,26.9,34.0,6,50.0,49.2,7,3,42.9,0,15.5,Karl-Darlow,Away,Newcastle Utd
14,24,90,8,2,7,87.5,1.9,5,29,17.2,51,8,43.1,37.5,7,100.0,70.6,7,0,0.0,0,10.0,Robert-Sanchez,Home,Brighton
15,29,90,3,0,3,100.0,0.8,9,18,50.0,29,6,37.9,37.0,10,70.0,51.3,3,0,0.0,1,23.2,Alisson,Away,Liverpool
16,36,90,5,3,3,60.0,2.1,1,5,20.0,12,2,41.7,42.0,2,0.0,29.0,3,0,0.0,1,22.0,Lukasz-Fabianski,Home,West Ham
17,33,90,4,2,2,50.0,1.6,11,28,39.3,30,2,60.0,43.4,17,58.8,44.4,15,0,0.0,0,8.3,Fraser-Forster,Away,Southampton
18,31,90,4,3,1,25.0,2.0,9,19,47.4,27,5,70.4,50.4,5,0.0,11.8,7,2,28.6,1,16.2,Karl-Darlow,Home,Newcastle Utd
19,34,90,1,2,0,0.0,0.7,4,8,50.0,18,7,11.1,23.8,11,54.5,39.0,7,2,28.6,0,16.8,Hugo-Lloris,Away,Tottenham
20,37,90,7,2,6,71.4,2.7,11,25,44.0,18,3,83.3,55.1,16,62.5,48.3,17,1,5.9,1,11.4,Lukasz-Fabianski,Home,West Ham
21,28,90,2,2,0,0.0,1.6,1,2,50.0,10,1,10.0,25.3,5,20.0,28.6,5,1,20.0,1,23.0,Ederson,Away,Manchester City
22,28,90,2,1,1,50.0,0.4,1,3,33.3,22,7,13.6,25.0,1,0.0,17.0,6,1,16.7,2,16.9,Alisson,Home,Liverpool
23,29,90,6,1,6,100.0,1.1,9,21,42.9,26,4,46.2,38.8,14,64.3,49.7,21,2,9.5,2,14.0,Edouard-Mendy,Away,Chelsea
24,35,90,5,0,5,100.0,0.5,2,2,100.0,21,4,9.5,26.1,2,0.0,19.0,4,0,0.0,1,11.3,Kasper-Schmeichel,Home,Leicester City
25,26,90,8,3,5,62.5,3.0,3,20,15.0,26,3,50.0,38.9,9,77.8,57.4,10,1,10.0,0,8.0,Angus-Gunn,Away,Norwich City
26,28,90,3,2,1,33.3,1.3,5,8,62.5,26,2,23.1,28.5,4,50.0,35.8,2,0,0.0,1,18.0,Ederson,Home,Manchester City
27,34,90,3,0,3,100.0,0.3,12,33,36.4,36,7,55.6,42.1,14,92.9,63.6,12,1,8.3,0,12.3,Vicente-Guaita,Away,Crystal Palace
28,28,90,4,2,2,50.0,1.0,3,12,25.0,37,4,27.0,28.9,7,28.6,30.9,5,0,0.0,1,17.3,Jack-Butland,Home,Crystal Palace
29,40,90,6,2,4,66.7,1.2,11,21,52.4,19,0,89.5,53.2,5,80.0,56.8,14,1,7.1,1,18.0,Willy-Caballero,Away,Southampton
30,33,90,2,0,2,100.0,0.3,7,12,58.3,19,4,42.1,38.5,4,100.0,71.3,2,0,0.0,1,19.0,Martin-Dubravka,Home,Newcastle Utd
31,24,90,4,2,3,50.0,1.7,5,23,21.7,29,5,48.3,40.3,9,100.0,68.1,15,1,6.7,1,18.5,Aaron-Ramsdale,Away,Arsenal
32,29,90,1,0,1,100.0,0.0,8,16,50.0,29,6,37.9,35.4,12,41.7,37.1,7,2,28.6,3,21.0,Emiliano-Martinez,Home,Aston Villa
33,34,90,3,3,1,0.0,0.9,5,16,31.3,11,2,72.7,50.5,12,66.7,49.6,5,1,20.0,0,15.0,Asmir-Begovic,Away,Everton
34,35,90,5,1,4,80.0,1.6,13,21,61.9,33,5,57.6,41.3,7,28.6,36.3,7,0,0.0,0,10.4,Kasper-Schmeichel,Home,Leicester City
35,26,90,4,2,2,50.0,1.8,8,23,34.8,45,4,46.7,38.7,8,25.0,28.5,8,0,0.0,1,19.7,David-Raya,Away,Brentford
36,23,90,5,1,3,80.0,1.0,0,19,0.0,39,5,30.8,33.1,8,87.5,66.1,7,0,0.0,1,15.6,Aaron-Ramsdale,Home,Arsenal
37,31,90,6,3,4,66.7,2.5,2,5,40.0,13,2,15.4,30.2,7,42.9,36.1,7,0,0.0,0,15.3,David-de-Gea,Away,Manchester Utd
38,35,45,2,0,2,100.0,0.1,1,2,50.0,9,1,11.1,22.4,4,25.0,32.0,4,0,0.0,0,13.0,Jack-Butland,Home,Crystal Palace
39,29,90,0,0,0,0.0,0.0,5,12,41.7,24,2,33.3,30.9,8,50.0,36.0,10,1,10.0,0,15.5,Edouard-Mendy,Away,Chelsea
40,28,90,3,1,2,66.7,0.3,4,8,50.0,17,6,35.3,35.8,4,50.0,45.0,7,2,28.6,1,19.0,Jose-Sa,Home,Wolves
41,30,90,5,0,5,100.0,1.1,4,7,57.1,12,3,33.3,35.3,8,37.5,35.6,11,1,9.1,1,28.0,David-de-Gea,Away,Manchester Utd
42,39,90,6,2,3,66.7,2.3,6,25,24.0,19,3,89.5,59.5,8,100.0,68.8,15,2,13.3,0,14.7,Ben-Foster,Home,Watford
43,30,90,1,1,1,0.0,0.3,7,20,35.0,18,1,50.0,41.4,11,100.0,78.4,16,2,12.5,3,22.5,Nick-Pope,Away,Burnley
44,23,90,13,4,9,69.2,4.0,8,18,44.4,72,10,23.6,30.2,3,33.3,34.0,3,1,33.3,2,19.1,Robert-Sanchez,Home,Brighton
45,28,90,4,1,4,100.0,1.1,6,12,50.0,29,6,27.6,32.2,8,50.0,41.8,9,2,22.2,2,18.6,Ederson,Away,Manchester City
46,27,90,2,3,0,0.0,1.3,3,11,27.3,16,2,50.0,37.4,5,60.0,50.2,3,0,0.0,1,15.7,Daniel-Bachmann,Home,Watford
47,25,90,3,0,3,100.0,0.1,8,21,38.1,23,3,65.2,43.8,8,75.0,55.1,8,0,0.0,0,10.0,Angus-Gunn,Away,Norwich City
48,32,90,5,3,2,40.0,2.7,7,16,43.8,18,3,72.2,43.2,8,37.5,33.8,12,0,0.0,2,21.7,Jonas-Lossl,Home,Brentford
49,31,90,9,1,8,88.9,3.0,8,22,36.4,22,4,81.8,49.9,4,100.0,54.8,13,0,0.0,0,11.8,David-de-Gea,Away,Manchester Utd
50,30,90,4,1,3,75.0,1.5,2,2,100.0,6,1,16.7,28.3,7,14.3,24.9,3,0,0.0,0,10.0,David-de-Gea,Home,Manchester Utd
51,24,90,6,4,2,33.3,2.2,12,28,42.9,30,0,76.7,54.8,9,55.6,43.8,9,1,11.1,0,10.6,Freddie-Woodman,Away,Newcastle Utd
52,33,90,5,2,3,60.0,0.4,7,25,28.0,44,6,52.3,45.1,3,66.7,49.3,3,0,0.0,0,12.9,Tim-Krul,Home,Norwich City
53,21,90,3,1,2,66.7,1.1,6,18,33.3,27,11,44.4,39.3,9,66.7,50.6,8,1,12.5,1,12.7,Illan-Meslier,Away,Leeds United
54,29,90,5,2,2,60.0,1.3,0,7,0.0,15,5,33.3,33.3,7,28.6,30.7,8,2,25.0,1,16.4,Bernd-Leno,Home,Arsenal
55,29,90,3,0,3,100.0,0.0,2,7,28.6,39,3,17.9,25.7,4,0.0,10.0,4,0,0.0,1,16.3,Edouard-Mendy,Away,Chelsea
56,26,90,2,0,2,100.0,0.3,4,9,44.4,31,6,22.6,26.0,7,28.6,25.3,7,0,0.0,2,17.5,Zack-Steffen,Home,Manchester City
57,29,90,6,2,4,66.7,2.1,9,30,30.0,26,2,88.5,60.7,8,87.5,65.8,12,1,8.3,1,14.7,Nick-Pope,Away,Burnley
58,38,90,3,1,2,66.7,1.3,12,35,34.3,32,0,90.6,61.5,6,100.0,70.7,3,0,0.0,0,14.3,Ben-Foster,Home,Watford
59,31,90,7,4,3,42.9,3.5,2,11,18.2,16,2,31.3,33.7,11,54.5,48.0,8,0,0.0,0,12.5,David-de-Gea,Away,Manchester Utd
60,26,90,8,4,4,50.0,4.4,7,12,58.3,20,5,45.0,35.8,8,37.5,38.5,11,2,18.2,0,12.2,Angus-Gunn,Home,Norwich City
61,28,90,3,0,3,100.0,0.3,5,7,71.4,30,4,23.3,32.5,4,0.0,18.5,4,0,0.0,2,18.5,Ederson,Away,Manchester City
62,24,90,5,2,4,80.0,2.0,6,19,31.6,14,4,57.1,48.4,13,84.6,64.5,12,1,8.3,0,5.7,Freddie-Woodman,Home,Newcastle Utd
63,31,90,4,2,2,50.0,1.6,2,10,20.0,14,6,35.7,38.6,7,71.4,53.4,7,1,14.3,0,12.0,Alex-McCarthy,Away,Southampton
64,36,90,6,1,4,83.3,2.6,8,11,72.7,17,5,47.1,37.5,4,75.0,54.3,8,0,0.0,0,10.3,Lukasz-Fabianski,Home,West Ham
65,29,90,4,2,2,50.0,1.4,4,9,44.4,21,2,28.6,26.1,10,30.0,23.7,10,0,0.0,0,17.0,Emiliano-Martinez,Away,Aston Villa
66,29,90,4,2,3,75.0,1.1,4,6,66.7,30,7,20.0,29.2,2,0.0,10.5,5,0,0.0,1,12.2,Edouard-Mendy,Home,Chelsea
67,21,90,4,3,3,75.0,2.6,5,14,35.7,31,5,35.5,32.1,7,42.9,36.7,7,2,28.6,0,10.0,Illan-Meslier,Away,Leeds United
68,28,90,4,1,3,75.0,0.3,4,7,57.1,38,6,15.8,26.6,2,50.0,45.5,9,1,11.1,0,10.0,Ederson,Home,Manchester City
69,36,90,8,2,6,75.0,3.6,9,23,39.1,22,0,86.4,52.4,9,44.4,34.6,7,0,0.0,0,6.0,Lukasz-Fabianski,Away,West Ham
70,29,90,3,1,2,66.7,0.5,10,14,71.4,32,5,40.6,33.6,7,14.3,22.7,7,0,0.0,2,15.3,Emiliano-Martinez,Home,Aston Villa
71,30,90,1,0,1,100.0,0.3,5,14,35.7,13,1,38.5,40.7,11,81.8,59.5,18,0,0.0,0,12.3,Bernd-Leno,Away,Arsenal
72,33,90,3,2,1,33.3,1.4,7,18,38.9,25,3,48.0,42.2,10,60.0,47.6,7,0,0.0,2,20.5,Tim-Krul,Home,Norwich City
73,34,90,3,1,3,100.0,1.1,5,17,29.4,27,6,44.4,39.4,9,55.6,49.6,7,0,0.0,0,14.7,Kasper-Schmeichel,Away,Leicester City
74,35,90,3,0,3,100.0,0.5,6,15,40.0,18,1,38.9,39.4,8,100.0,76.4,9,0,0.0,0,8.0,Kasper-Schmeichel,Home,Leicester City
75,32,90,4,4,1,25.0,3.8,3,11,27.3,23,3,21.7,29.2,9,66.7,49.4,6,1,16.7,0,14.4,Martin-Dubravka,Away,Newcastle Utd
76,29,90,6,2,4,66.7,1.6,14,32,43.8,22,2,90.9,59.1,12,100.0,63.1,7,1,14.3,0,11.6,Nick-Pope,Home,Burnley
77,28,90,1,0,1,100.0,0.1,5,11,45.5,37,2,29.7,30.3,2,0.0,12.0,3,0,0.0,0,5.0,Ederson,Away,Manchester City
78,29,90,3,2,1,33.3,1.2,7,12,58.3,44,5,18.2,25.9,10,40.0,38.0,6,0,0.0,0,14.0,Alisson,Home,Liverpool
79,28,90,3,2,1,33.3,1.3,5,12,41.7,34,12,35.3,34.1,2,0.0,17.5,7,1,14.3,2,14.6,Ederson,Away,Manchester City
80,23,90,6,2,4,66.7,1.6,8,14,57.1,24,5,54.2,42.1,3,33.3,36.0,4,1,25.0,1,16.8,Aaron-Ramsdale,Home,Arsenal
81,34,90,6,2,4,66.7,2.1,9,12,75.0,32,6,28.1,29.4,5,60.0,43.8,8,0,0.0,2,17.0,Vicente-Guaita,Away,Crystal Palace
82,34,90,7,1,6,85.7,1.0,4,8,50.0,18,4,33.3,32.4,7,28.6,19.7,6,0,0.0,0,12.8,Hugo-Lloris,Home,Tottenham
83,21,90,4,2,1,50.0,1.8,4,18,22.2,38,5,42.1,35.8,3,66.7,45.3,6,1,16.7,1,16.8,Illan-Meslier,Away,Leeds United
84,35,90,8,3,5,62.5,3.7,7,19,36.8,31,3,48.4,40.3,9,44.4,40.9,9,2,22.2,0,13.6,Kasper-Schmeichel,Home,Leicester City
85,35,90,4,2,2,50.0,1.7,2,3,66.7,10,1,30.0,32.0,5,0.0,17.4,6,0,0.0,0,11.0,Hugo-Lloris,Away,Tottenham
86,28,90,4,0,4,100.0,0.6,7,27,25.9,34,3,64.7,53.9,6,83.3,68.0,11,1,9.1,0,15.1,Jordan-Pickford,Home,Everton
87,31,90,3,1,2,66.7,0.8,4,7,57.1,22,7,27.3,27.7,7,14.3,21.3,4,0,0.0,0,14.5,David-de-Gea,Away,Manchester Utd
88,30,90,2,1,1,50.0,0.8,2,3,66.7,12,2,8.3,28.3,7,28.6,33.9,8,0,0.0,0,14.8,David-de-Gea,Home,Manchester Utd
89,27,90,6,1,5,83.3,0.5,6,23,26.1,20,3,80.0,56.1,8,87.5,71.5,11,0,0.0,0,6.5,Jordan-Pickford,Away,Everton
90,23,90,2,1,1,50.0,0.7,4,9,44.4,23,3,34.8,33.2,5,20.0,34.6,2,0,0.0,1,19.0,Aaron-Ramsdale,Home,Arsenal
91,29,90,5,2,4,60.0,1.9,4,19,21.1,24,8,41.7,43.5,14,64.3,47.0,8,0,0.0,0,14.0,Jose-Sa,Away,Wolves
92,23,90,3,2,1,33.3,1.5,3,5,60.0,23,5,17.4,24.7,3,33.3,34.0,2,0,0.0,2,24.7,Aaron-Ramsdale,Home,Arsenal
93,24,90,4,1,3,75.0,1.3,2,18,11.1,25,2,56.0,52.5,4,100.0,65.5,9,1,11.1,0,10.6,Robert-Sanchez,Away,Brighton
94,36,90,5,2,3,60.0,1.6,8,22,36.4,17,3,70.6,47.8,10,100.0,64.2,14,0,0.0,0,11.2,Lukasz-Fabianski,Home,West Ham
95,29,90,3,3,1,0.0,0.6,1,2,50.0,23,5,8.7,25.9,3,0.0,21.3,8,1,12.5,1,16.8,Alisson,Away,Liverpool
96,22,90,6,1,5,83.3,1.3,10,34,29.4,36,6,72.2,51.5,10,80.0,58.2,6,1,16.7,0,14.0,Illan-Meslier,Home,Leeds United
97,24,90,4,1,3,75.0,1.2,10,26,38.5,30,6,53.3,45.8,10,100.0,71.8,10,0,0.0,0,12.7,Robert-Sanchez,Away,Brighton
98,33,90,1,0,1,100.0,0.0,13,27,48.1,23,2,69.6,47.0,11,100.0,70.1,7,2,28.6,1,10.8,Martin-Dubravka,Home,Newcastle Utd
99,29,90,2,1,1,50.0,0.7,2,8,25.0,21,5,28.6,29.8,5,40.0,38.0,5,0,0.0,1,26.3,Emiliano-Martinez,Away,Aston Villa
100,27,90,3,1,2,66.7,0.9,16,38,42.1,36,2,86.1,59.3,7,100.0,80.7,5,0,0.0,1,21.0,Jordan-Pickford,Home,Everton
101,29,90,1,0,1,100.0,0.4,6,19,31.6,21,3,61.9,47.8,11,54.5,42.7,6,0,0.0,2,14.3,Emiliano-Martinez,Away,Aston Villa
102,35,90,4,0,4,100.0,0.8,14,27,51.9,25,4,68.0,44.0,15,66.7,50.1,10,0,0.0,0,11.2,Vicente-Guaita,Home,Crystal Palace
103,28,90,1,0,1,100.0,0.0,4,7,57.1,19,1,36.8,32.9,7,0.0,20.4,3,0,0.0,0,10.0,Ederson,Away,Manchester City
104,34,90,3,2,2,33.3,0.4,7,15,46.7,29,8,37.9,36.7,7,57.1,34.6,5,0,0.0,2,18.0,Kasper-Schmeichel,Home,Leicester City
105,29,90,3,2,1,33.3,0.9,7,26,26.9,16,1,81.3,59.1,13,100.0,71.6,11,1,9.1,0,13.0,Nick-Pope,Away,Burnley
106,29,90,5,3,2,40.0,1.5,3,15,20.0,28,3,35.7,34.0,8,62.5,51.5,6,1,16.7,2,19.6,Jose-Sa,Home,Wolves
107,22,54,4,2,2,50.0,1.8,1,9,11.1,15,2,53.3,40.7,2,50.0,35.5,3,0,0.0,2,31.0,Nohan-Kenneh,Away,Leeds United
108,21,90,7,2,6,85.7,3.0,2,3,66.7,20,6,15.0,23.2,8,0.0,22.8,3,0,0.0,2,19.5,Illan-Meslier,Home,Leeds United
109,27,90,4,2,2,50.0,1.5,5,27,18.5,18,3,77.8,55.0,13,100.0,75.7,9,1,11.1,0,12.0,Jordan-Pickford,Away,Everton
110,36,90,6,2,4,66.7,1.4,6,17,35.3,16,4,68.8,50.6,6,100.0,72.7,5,1,20.0,0,20.0,Lukasz-Fabianski,Home,West Ham
111,26,90,5,1,4,80.0,1.0,5,26,19.2,24,5,62.5,48.4,15,73.3,52.9,10,1,10.0,0,15.8,David-Raya,Away,Brentford
112,31,90,7,2,5,71.4,2.8,4,10,40.0,14,2,42.9,40.8,7,57.1,45.1,8,0,0.0,0,14.0,David-de-Gea,Home,Manchester Utd
113,23,90,9,3,7,77.8,2.3,5,17,29.4,33,7,39.4,33.9,4,100.0,62.5,8,0,0.0,1,12.5,Aaron-Ramsdale,Away,Arsenal
114,28,90,3,0,3,100.0,0.0,2,2,100.0,36,6,5.6,25.0,4,0.0,16.8,4,0,0.0,1,20.0,Ederson,Home,Manchester City
115,21,90,15,7,8,53.3,4.2,3,15,20.0,32,7,34.4,33.0,12,33.3,37.9,3,0,0.0,0,12.8,Illan-Meslier,Away,Leeds United
116,23,90,3,2,1,33.3,1.0,4,19,21.1,28,3,50.0,41.0,6,83.3,66.5,6,1,16.7,2,18.8,Aaron-Ramsdale,Home,Arsenal
117,29,90,2,0,2,100.0,0.4,6,8,75.0,29,7,20.7,29.4,5,40.0,33.8,7,0,0.0,2,19.0,Alisson,Away,Liverpool
118,35,90,2,1,0,50.0,1.0,9,14,64.3,21,3,57.1,39.1,6,33.3,31.8,11,0,0.0,0,12.8,Hugo-Lloris,Home,Tottenham
119,35,90,7,3,4,57.1,2.8,7,15,46.7,21,5,57.1,37.5,7,42.9,39.7,6,0,0.0,0,15.0,Kasper-Schmeichel,Away,Leicester City
120,29,90,2,1,1,50.0,0.6,4,8,50.0,28,4,25.0,33.2,4,25.0,36.3,5,1,20.0,1,22.0,Alisson,Home,Liverpool
121,32,90,8,3,5,62.5,2.7,10,36,27.8,27,1,81.5,56.9,14,100.0,68.9,8,0,0.0,1,12.6,Martin-Dubravka,Away,Newcastle Utd
122,31,90,3,0,3,100.0,0.1,7,25,28.0,34,1,55.9,39.4,9,66.7,52.0,13,0,0.0,0,12.3,Alex-McCarthy,Home,Southampton
123,29,90,3,1,2,66.7,0.6,8,10,80.0,14,3,50.0,43.1,5,60.0,40.0,15,1,6.7,0,4.0,Emiliano-Martinez,Away,Aston Villa
124,28,90,3,0,3,100.0,0.7,6,13,46.2,40,5,25.0,31.9,6,50.0,41.5,10,1,10.0,1,16.5,Alisson,Home,Liverpool
125,29,90,8,2,6,75.0,2.0,11,34,32.4,24,1,87.5,63.7,13,100.0,74.0,8,2,25.0,2,17.6,Nick-Pope,Away,Burnley
126,24,90,1,1,0,0.0,0.8,1,8,12.5,22,1,36.4,34.8,5,0.0,20.6,6,0,0.0,0,4.0,Robert-Sanchez,Home,Brighton
127,28,90,3,1,3,66.7,2.0,5,15,33.3,16,4,56.3,38.8,11,54.5,38.5,14,0,0.0,0,8.3,Jack-Butland,Away,Crystal Palace
128,27,90,9,1,8,88.9,1.5,13,29,44.8,31,4,64.5,47.5,9,100.0,65.6,21,1,4.8,0,10.0,Daniel-Bachmann,Home,Watford
129,35,90,4,0,4,100.0,0.4,2,2,100.0,15,5,13.3,24.8,5,0.0,19.0,3,0,0.0,2,20.8,Hugo-Lloris,Away,Tottenham
130,33,90,4,3,3,75.0,2.8,5,13,38.5,18,4,61.1,44.4,4,50.0,41.0,4,0,0.0,0,12.0,Tim-Krul,Home,Norwich City
131,26,90,7,1,6,85.7,1.2,8,16,50.0,30,4,43.3,40.9,5,60.0,45.4,14,1,7.1,0,13.5,David-Raya,Away,Brentford
132,28,90,6,3,4,50.0,2.7,21,41,51.2,28,1,100.0,76.5,13,100.0,81.3,16,1,6.3,2,18.2,Jordan-Pickford,Home,Everton
133,26,90,4,2,3,75.0,2.3,11,19,57.9,41,4,36.6,35.4,7,57.1,57.4,8,1,12.5,0,12.2,David-Raya,Away,Brentford
134,21,90,3,1,2,66.7,1.3,4,8,50.0,29,5,20.7,24.9,5,40.0,34.6,5,0,0.0,1,12.8,Illan-Meslier,Home,Leeds United
135,33,90,4,0,4,100.0,1.2,14,26,53.8,24,5,70.8,49.6,9,100.0,64.3,13,2,15.4,0,6.8,Martin-Dubravka,Away,Newcastle Utd
136,33,90,2,1,2,50.0,0.1,9,17,52.9,13,2,53.8,40.2,11,90.9,61.5,10,0,0.0,0,20.0,Martin-Dubravka,Home,Newcastle Utd
137,27,90,8,3,6,62.5,2.2,5,18,27.8,29,8,51.7,43.3,4,75.0,59.5,7,0,0.0,1,13.6,Jordan-Pickford,Away,Everton
138,27,90,4,1,3,75.0,1.7,8,20,40.0,24,6,50.0,46.1,11,72.7,61.9,13,3,23.1,2,15.7,Jordan-Pickford,Home,Everton
139,36,90,2,0,2,100.0,0.1,6,13,46.2,15,4,20.0,35.4,13,76.9,62.5,16,0,0.0,0,4.0,Lukasz-Fabianski,Away,West Ham
140,29,90,4,1,3,75.0,1.7,3,6,50.0,16,8,31.3,31.4,6,16.7,25.3,5,1,20.0,1,14.1,Emiliano-Martinez,Home,Aston Villa
141,38,90,2,0,2,100.0,0.4,7,25,28.0,23,6,52.2,42.9,13,100.0,68.0,17,0,0.0,0,13.0,Ben-Foster,Away,Watford
142,26,90,1,0,1,100.0,0.2,19,31,61.3,38,1,57.9,43.3,9,100.0,64.9,10,0,0.0,0,11.4,David-Raya,Home,Brentford
143,35,90,1,0,1,100.0,0.0,1,7,14.3,12,1,50.0,39.5,6,16.7,26.5,5,0,0.0,1,17.3,Hugo-Lloris,Away,Tottenham
144,30,90,1,1,0,0.0,0.2,0,0,0.0,21,7,0.0,15.8,2,0.0,18.5,2,0,0.0,1,16.0,Edouard-Mendy,Home,Chelsea
145,35,90,7,1,6,85.7,1.0,7,18,38.9,28,7,50.0,42.1,9,44.4,38.8,9,2,22.2,0,10.2,Kasper-Schmeichel,Away,Leicester City
146,35,90,4,0,4,100.0,1.0,5,12,41.7,27,6,33.3,32.5,8,37.5,38.3,7,0,0.0,3,17.9,Kasper-Schmeichel,Home,Leicester City
147,22,90,4,1,3,75.0,0.9,5,6,83.3,35,14,17.1,24.7,1,0.0,31.0,4,0,0.0,0,14.4,Illan-Meslier,Away,Leeds United
148,38,90,5,4,1,20.0,1.8,11,19,57.9,26,1,61.5,43.0,4,75.0,55.3,7,0,0.0,1,17.7,Ben-Foster,Home,Watford
149,28,90,1,1,0,0.0,0.9,2,8,25.0,24,2,20.8,29.0,7,42.9,33.6,10,1,10.0,1,19.0,Jack-Butland,Away,Crystal Palace
150,23,90,2,1,1,50.0,0.8,1,16,6.3,32,5,46.9,37.6,4,25.0,24.5,7,1,14.3,0,16.7,Alvaro-Fernandez,Home,Brentford
151,27,90,4,2,3,75.0,2.1,6,21,28.6,13,0,100.0,67.6,8,100.0,68.0,11,0,0.0,2,15.1,Daniel-Bachmann,Away,Watford
152,33,90,1,0,1,100.0,0.0,3,16,18.8,25,2,44.0,39.1,5,100.0,66.0,7,0,0.0,0,4.0,Fraser-Forster,Home,Southampton
153,26,90,9,2,7,77.8,3.4,6,11,54.5,21,5,42.9,37.7,13,15.4,29.2,13,1,7.7,1,12.0,Angus-Gunn,Away,Norwich City
154,21,90,4,1,3,75.0,0.9,2,5,40.0,22,5,22.7,27.3,4,0.0,18.0,2,0,0.0,4,26.8,Illan-Meslier,Home,Leeds United
155,28,90,3,1,3,100.0,1.0,5,18,27.8,18,8,50.0,48.6,13,69.2,50.9,10,0,0.0,1,12.3,Jose-Sa,Away,Wolves
156,28,90,2,0,2,100.0,0.3,5,11,45.5,20,7,30.0,38.3,7,71.4,52.6,10,2,20.0,0,15.6,Jose-Sa,Home,Wolves
157,36,90,5,1,4,80.0,1.4,3,8,37.5,16,5,12.5,24.8,11,54.5,56.5,9,0,0.0,0,10.0,Lukasz-Fabianski,Away,West Ham
158,36,90,3,1,2,66.7,0.9,7,13,53.8,7,1,85.7,58.3,8,87.5,59.1,10,0,0.0,0,7.0,Lukasz-Fabianski,Home,West Ham
159,24,90,5,1,4,80.0,1.7,3,7,42.9,41,9,12.2,26.8,7,28.6,28.0,11,0,0.0,1,14.2,Robert-Sanchez,Away,Brighton
160,27,90,2,0,2,100.0,0.1,9,21,42.9,22,3,54.5,46.2,11,81.8,62.5,7,0,0.0,1,15.3,Jordan-Pickford,Home,Everton
161,33,90,3,2,2,66.7,2.0,2,8,25.0,26,8,26.9,38.5,5,20.0,29.4,7,0,0.0,0,4.5,Tim-Krul,Away,Norwich City
162,29,90,2,0,2,100.0,0.0,4,9,44.4,59,7,15.3,28.2,2,0.0,12.5,6,0,0.0,2,17.8,Alisson,Home,Liverpool
163,21,90,12,6,8,66.7,5.1,8,25,32.0,33,11,51.5,37.9,10,80.0,57.6,6,0,0.0,1,12.6,Illan-Meslier,Away,Leeds United
164,28,90,0,0,0,0.0,0.0,3,3,100.0,10,3,30.0,27.6,2,0.0,29.5,4,0,0.0,2,17.6,Ederson,Home,Manchester City
165,33,90,4,5,0,0.0,3.2,7,20,35.0,49,7,38.8,36.1,9,11.1,24.9,10,3,30.0,0,10.2,Tim-Krul,Away,Norwich City
166,34,90,1,0,1,100.0,0.0,3,8,37.5,12,2,58.3,42.1,4,25.0,29.0,7,0,0.0,1,10.7,Hugo-Lloris,Home,Tottenham
167,27,90,8,1,7,87.5,1.2,5,14,35.7,29,10,34.5,37.6,9,44.4,36.3,11,0,0.0,0,11.7,Daniel-Bachmann,Away,Watford
168,34,90,6,2,4,66.7,0.7,10,23,43.5,38,5,50.0,38.3,11,36.4,37.5,9,2,22.2,1,11.8,Kasper-Schmeichel,Home,Leicester City
169,30,90,11,4,6,63.6,4.5,5,15,33.3,20,6,40.0,34.1,12,58.3,45.9,3,0,0.0,0,17.3,David-de-Gea,Away,Manchester Utd
170,29,90,2,1,1,50.0,1.2,2,4,50.0,22,2,18.2,26.2,6,0.0,15.8,5,1,20.0,1,33.0,Edouard-Mendy,Home,Chelsea
171,29,90,4,1,3,75.0,1.1,12,32,37.5,18,0,100.0,67.5,14,100.0,68.4,11,1,9.1,2,16.8,Nick-Pope,Away,Burnley
172,29,90,2,1,1,50.0,1.5,2,5,40.0,23,5,21.7,26.8,2,0.0,17.5,3,0,0.0,0,13.0,Edouard-Mendy,Home,Chelsea
173,31,90,5,1,4,100.0,2.4,4,17,23.5,14,2,57.1,42.1,14,64.3,50.6,12,0,0.0,1,23.0,David-de-Gea,Away,Manchester Utd
174,22,90,6,4,2,33.3,2.8,5,8,62.5,26,4,30.8,24.7,6,0.0,24.3,3,0,0.0,1,16.3,Illan-Meslier,Home,Leeds United
175,28,90,1,0,1,100.0,0.3,3,6,50.0,26,4,19.2,27.8,3,33.3,26.3,8,0,0.0,3,21.0,Ederson,Away,Manchester City
176,24,90,3,1,2,66.7,0.2,8,9,88.9,21,5,28.6,31.6,7,42.9,38.7,8,2,25.0,1,16.8,Robert-Sanchez,Home,Brighton
177,27,90,2,1,1,50.0,0.9,7,8,87.5,32,6,25.0,26.6,5,0.0,18.2,16,0,0.0,1,14.2,Kepa-Arrizabalaga,Away,Chelsea
178,32,90,7,4,3,42.9,3.5,13,18,72.2,29,6,34.5,33.3,8,100.0,66.0,5,1,20.0,0,11.4,Martin-Dubravka,Home,Newcastle Utd
179,28,90,1,0,1,100.0,0.3,7,10,70.0,27,4,29.6,34.0,7,28.6,32.1,10,3,30.0,1,15.8,Ederson,Away,Manchester City
180,27,90,5,4,2,40.0,2.5,9,18,50.0,19,1,68.4,55.4,5,100.0,65.0,12,0,0.0,0,11.2,Daniel-Bachmann,Home,Watford
181,36,90,5,1,4,80.0,2.2,6,21,28.6,13,1,69.2,51.8,12,100.0,67.9,7,0,0.0,0,13.5,Lukasz-Fabianski,Away,West Ham
182,24,90,5,1,4,80.0,0.8,4,13,30.8,31,2,35.5,39.9,3,66.7,50.0,5,2,40.0,3,26.8,Robert-Sanchez,Home,Brighton
183,28,90,2,0,2,100.0,0.2,2,12,16.7,19,3,42.1,38.8,7,57.1,38.6,9,0,0.0,0,11.5,Jose-Sa,Away,Wolves
184,36,90,3,0,2,100.0,0.5,5,16,31.3,15,2,80.0,53.1,5,80.0,55.8,10,0,0.0,0,9.3,Lukasz-Fabianski,Home,West Ham
185,33,90,5,2,3,60.0,2.7,9,22,40.9,35,5,48.6,39.2,9,55.6,47.8,9,0,0.0,1,16.0,Tim-Krul,Away,Norwich City
186,36,90,1,1,0,0.0,0.4,9,11,81.8,15,6,53.3,39.9,3,100.0,51.3,1,0,0.0,0,14.6,Lukasz-Fabianski,Home,West Ham
187,34,90,7,4,3,42.9,3.4,5,11,45.5,25,1,36.0,37.2,11,18.2,28.3,15,1,6.7,1,14.7,Kasper-Schmeichel,Away,Leicester City
188,35,90,0,0,0,0.0,0.0,3,6,50.0,7,1,57.1,39.1,5,40.0,32.4,5,1,20.0,0,0.0,Hugo-Lloris,Home,Tottenham
189,28,90,6,3,3,50.0,2.7,4,19,21.1,20,4,55.0,37.3,14,57.1,45.7,14,0,0.0,0,11.7,Jack-Butland,Away,Crystal Palace
190,38,90,6,1,5,83.3,1.2,8,15,53.3,14,4,42.9,34.3,13,69.2,49.7,7,1,14.3,2,18.0,Ben-Foster,Home,Watford
191,30,90,5,1,4,80.0,0.5,11,22,50.0,18,1,77.8,53.2,9,88.9,64.2,7,0,0.0,0,16.3,Karl-Darlow,Away,Newcastle Utd
192,27,90,5,2,4,60.0,1.7,6,8,75.0,24,9,25.0,31.0,10,20.0,28.0,6,0,0.0,1,13.0,Daniel-Bachmann,Home,Watford
193,28,90,2,0,2,100.0,0.4,3,5,60.0,10,4,50.0,40.9,6,0.0,21.7,6,1,16.7,1,12.7,Jose-Sa,Away,Wolves
194,35,90,2,1,1,50.0,0.9,4,11,36.4,23,1,47.8,38.2,4,0.0,17.0,3,2,66.7,0,10.8,Kasper-Schmeichel,Home,Leicester City
195,35,90,3,2,1,33.3,0.6,5,14,35.7,40,6,30.0,29.6,7,28.6,26.7,5,0,0.0,0,9.7,Vicente-Guaita,Away,Crystal Palace
196,29,90,2,0,2,100.0,1.2,0,5,0.0,23,5,17.4,24.3,3,33.3,39.3,7,2,28.6,1,14.8,Jack-Butland,Home,Crystal Palace
197,39,90,6,1,5,100.0,1.9,12,34,35.3,33,4,78.8,54.7,8,100.0,77.1,12,1,8.3,0,10.7,Ben-Foster,Away,Watford
198,27,90,3,1,2,66.7,0.6,11,24,45.8,30,3,60.0,50.4,7,85.7,69.1,10,0,0.0,0,16.8,Jordan-Pickford,Home,Everton
199,23,90,4,2,2,50.0,0.4,6,14,42.9,34,8,32.4,35.9,7,42.9,41.6,7,2,28.6,0,14.3,Aaron-Ramsdale,Away,Arsenal
200,32,90,4,1,3,75.0,1.2,1,6,16.7,12,6,41.7,41.8,4,25.0,23.5,7,0,0.0,0,6.5,Alex-McCarthy,Home,Southampton
201,24,90,4,1,3,75.0,1.0,5,28,17.9,37,1,48.6,41.0,10,100.0,66.8,9,0,0.0,3,20.0,Robert-Sanchez,Away,Brighton
202,30,90,8,5,3,37.5,4.5,3,6,50.0,13,3,23.1,31.8,8,37.5,34.0,4,1,25.0,1,12.0,David-de-Gea,Home,Manchester Utd
203,29,90,3,0,3,100.0,0.4,6,11,54.5,23,3,34.8,35.7,7,42.9,38.3,9,1,11.1,2,16.8,Alisson,Away,Liverpool
204,24,90,4,0,4,100.0,1.2,1,10,10.0,31,2,25.8,36.3,9,22.2,26.9,8,1,12.5,0,9.5,Robert-Sanchez,Home,Brighton
205,21,90,4,0,3,100.0,1.1,3,28,10.7,31,4,54.8,43.6,12,91.7,65.0,12,0,0.0,0,10.8,Illan-Meslier,Away,Leeds United
206,34,90,7,3,4,57.1,2.3,9,14,64.3,22,5,40.9,35.6,7,71.4,54.7,4,0,0.0,0,11.3,Tim-Krul,Home,Norwich City
207,33,90,2,0,2,100.0,1.0,6,13,46.2,35,8,17.1,23.9,7,100.0,67.7,8,2,25.0,0,12.3,Martin-Dubravka,Away,Newcastle Utd
208,29,90,0,0,0,0.0,0.0,1,2,50.0,24,1,8.3,21.2,6,0.0,13.8,6,1,16.7,0,13.0,Jose-Sa,Home,Wolves
209,38,90,5,4,2,20.0,2.4,5,29,17.2,32,5,78.1,52.5,5,80.0,58.6,10,0,0.0,1,17.2,Ben-Foster,Away,Watford
210,38,90,8,5,3,37.5,5.0,6,22,27.3,21,3,76.2,55.2,6,100.0,69.7,9,0,0.0,0,15.6,Ben-Foster,Home,Watford
211,22,90,2,0,1,100.0,0.3,5,7,71.4,38,3,15.8,24.9,5,20.0,20.6,3,0,0.0,1,14.6,Caoimhin-Kelleher,Away,Liverpool
212,31,90,2,0,2,100.0,0.8,5,6,83.3,15,4,33.3,33.2,4,25.0,36.3,5,1,20.0,0,9.0,David-de-Gea,Home,Manchester Utd
213,34,90,3,1,2,66.7,1.1,8,14,57.1,22,6,40.9,35.3,9,55.6,41.3,10,3,30.0,0,13.8,Vicente-Guaita,Away,Crystal Palace
214,31,90,3,1,2,66.7,0.9,6,26,23.1,21,3,85.7,54.5,8,100.0,71.3,11,0,0.0,0,16.6,David-de-Gea,Home,Manchester Utd
215,34,90,6,3,3,50.0,2.0,10,24,41.7,24,4,70.8,54.4,8,87.5,68.5,10,0,0.0,1,16.8,Wayne-Hennessey,Away,Burnley
216,21,90,3,2,1,33.3,1.5,1,10,10.0,21,8,33.3,34.5,5,60.0,43.2,8,1,12.5,3,18.8,Illan-Meslier,Home,Leeds United
217,23,90,6,2,4,66.7,2.1,6,16,37.5,29,2,44.8,36.8,5,60.0,43.2,20,1,5.0,1,13.7,Alvaro-Fernandez,Away,Brentford
218,31,90,3,3,1,0.0,0.9,8,17,47.1,19,1,57.9,50.7,6,100.0,70.0,9,1,11.1,0,10.5,Karl-Darlow,Home,Newcastle Utd
219,23,90,7,3,4,57.1,2.3,13,30,43.3,36,6,72.2,49.1,8,50.0,36.5,13,1,7.7,2,17.2,Alvaro-Fernandez,Away,Brentford
220,30,90,3,1,2,66.7,0.6,9,13,69.2,23,3,17.4,23.4,12,75.0,45.4,10,0,0.0,0,12.0,David-de-Gea,Home,Manchester Utd
221,21,90,8,5,3,37.5,1.9,8,23,34.8,38,10,42.1,33.9,10,70.0,44.2,4,0,0.0,1,18.7,Illan-Meslier,Away,Leeds United
222,33,90,4,1,3,100.0,1.6,8,20,40.0,32,5,56.3,44.4,6,33.3,29.5,3,0,0.0,0,8.6,Tim-Krul,Home,Norwich City
223,31,90,5,0,5,100.0,2.0,5,9,55.6,18,7,33.3,30.3,6,50.0,41.0,11,1,9.1,0,15.3,David-de-Gea,Away,Manchester Utd
224,29,90,2,1,1,50.0,0.9,13,30,43.3,22,1,95.5,62.5,9,100.0,69.4,12,1,8.3,3,19.4,Nick-Pope,Home,Burnley
225,21,90,3,1,1,66.7,0.7,5,15,33.3,37,10,32.4,31.6,7,42.9,34.9,9,2,22.2,1,16.2,Illan-Meslier,Away,Leeds United
226,29,90,5,0,5,100.0,1.0,7,19,36.8,24,4,54.2,43.1,6,100.0,60.3,6,1,16.7,2,21.0,Nick-Pope,Home,Burnley
227,38,90,2,0,2,100.0,0.5,9,35,25.7,33,2,84.8,56.1,7,100.0,64.9,7,0,0.0,1,14.3,Ben-Foster,Away,Watford
228,29,90,3,1,2,66.7,0.6,3,6,50.0,18,4,16.7,26.9,4,75.0,52.3,10,1,10.0,2,19.3,Alisson,Home,Liverpool
229,35,90,3,1,2,66.7,0.4,3,11,27.3,20,5,30.0,33.7,13,38.5,33.4,15,0,0.0,0,16.5,Hugo-Lloris,Away,Tottenham
230,27,90,5,3,2,40.0,2.6,7,20,35.0,31,5,58.1,48.6,5,40.0,37.4,4,0,0.0,4,24.7,Jordan-Pickford,Home,Everton
231,24,90,6,2,4,66.7,1.7,7,26,26.9,24,0,54.2,49.3,13,100.0,76.1,16,0,0.0,0,6.0,Robert-Sanchez,Away,Brighton
232,31,90,1,2,1,0.0,0.9,6,19,31.6,14,3,78.6,46.4,10,80.0,54.2,12,0,0.0,0,12.0,David-de-Gea,Home,Manchester Utd
233,35,90,6,3,3,50.0,1.7,0,4,0.0,20,4,20.0,26.9,4,0.0,17.5,1,0,0.0,0,12.2,Hugo-Lloris,Away,Tottenham
234,33,90,7,3,4,57.1,2.7,4,9,44.4,27,5,33.3,33.4,6,0.0,21.7,4,0,0.0,0,12.4,Tim-Krul,Home,Norwich City
235,30,90,2,1,2,100.0,1.8,1,4,25.0,21,2,14.3,21.0,8,12.5,18.8,6,0,0.0,1,14.3,Edouard-Mendy,Away,Chelsea
236,27,90,3,1,2,66.7,1.0,10,26,38.5,31,5,74.2,50.6,4,75.0,59.0,10,0,0.0,1,12.6,Jordan-Pickford,Home,Everton
237,31,90,6,3,3,50.0,3.7,5,19,26.3,19,5,52.6,47.1,10,90.0,68.5,13,2,15.4,0,9.5,Alex-McCarthy,Away,Southampton
238,35,90,1,0,1,100.0,0.0,5,9,55.6,16,3,43.8,39.6,6,33.3,35.5,7,1,14.3,0,10.8,Hugo-Lloris,Home,Tottenham
239,30,90,6,1,6,100.0,2.4,10,23,43.5,18,5,77.8,53.4,9,100.0,69.2,12,2,16.7,3,20.6,Nick-Pope,Away,Burnley
240,25,90,2,1,1,50.0,0.6,13,20,65.0,32,4,46.9,39.8,6,83.3,56.8,5,1,20.0,4,19.3,David-Raya,Home,Brentford
241,23,90,1,0,1,100.0,0.0,6,23,26.1,32,3,56.3,48.9,7,71.4,60.1,11,4,36.4,0,12.5,Robert-Sanchez,Away,Brighton
242,29,90,1,0,1,100.0,0.1,2,4,50.0,19,2,15.8,25.1,6,16.7,16.5,2,1,50.0,0,15.0,Edouard-Mendy,Home,Chelsea
243,33,90,12,7,7,50.0,5.6,13,23,56.5,41,13,41.5,38.1,10,60.0,48.4,4,0,0.0,0,12.0,Tim-Krul,Away,Norwich City
244,23,90,2,1,1,50.0,0.2,10,22,45.5,37,4,56.8,44.9,1,100.0,86.0,4,1,25.0,2,15.4,Aaron-Ramsdale,Home,Arsenal
245,26,90,7,2,5,71.4,2.9,12,25,48.0,33,5,54.5,40.0,8,87.5,54.4,18,1,5.6,1,14.0,David-Raya,Away,Brentford
246,32,90,3,1,2,66.7,1.1,7,24,29.2,20,3,60.0,47.4,12,100.0,68.3,7,0,0.0,1,16.1,Martin-Dubravka,Home,Newcastle Utd
247,31,90,8,1,7,87.5,1.9,2,8,25.0,12,3,16.7,26.8,7,85.7,58.7,7,1,14.3,0,0.0,David-de-Gea,Away,Manchester Utd
248,38,90,5,2,3,60.0,2.1,6,20,30.0,21,2,76.2,52.6,5,80.0,54.8,9,1,11.1,2,17.8,Ben-Foster,Home,Watford
249,24,90,1,0,1,100.0,0.1,7,19,36.8,33,5,42.4,41.3,6,83.3,63.8,14,2,14.3,1,11.5,Robert-Sanchez,Away,Brighton
250,33,90,6,2,4,66.7,1.7,4,6,66.7,23,6,26.1,33.7,3,0.0,18.3,9,0,0.0,0,11.7,Tim-Krul,Home,Norwich City
251,29,90,3,0,3,100.0,0.1,8,14,57.1,18,5,55.6,42.2,6,66.7,47.2,8,0,0.0,1,13.0,Emiliano-Martinez,Away,Aston Villa
252,28,90,1,0,1,100.0,0.0,1,1,100.0,22,7,4.5,21.0,0,0.0,0.0,5,1,20.0,1,24.3,Ederson,Home,Manchester City
253,27,90,7,3,4,57.1,2.3,4,29,13.8,24,2,70.8,50.7,13,92.3,64.7,10,0,0.0,1,15.7,Jordan-Pickford,Away,Everton
254,29,90,4,1,3,75.0,1.1,9,23,39.1,28,4,71.4,52.3,3,100.0,72.7,13,4,30.8,2,21.4,Nick-Pope,Home,Burnley
255,23,90,5,3,2,40.0,3.4,3,15,20.0,38,8,31.6,31.4,8,37.5,33.9,8,0,0.0,2,13.8,Alvaro-Fernandez,Away,Brentford
256,31,90,4,2,2,50.0,1.4,2,5,40.0,14,6,21.4,27.5,6,33.3,35.3,5,1,20.0,1,13.7,David-de-Gea,Home,Manchester Utd
257,34,90,9,3,6,66.7,1.5,8,15,53.3,29,10,44.8,36.0,6,33.3,25.3,6,3,50.0,0,10.4,Tim-Krul,Away,Norwich City
258,27,90,7,4,3,42.9,2.9,13,28,46.4,26,4,73.1,56.7,9,100.0,68.6,7,1,14.3,0,14.0,Jordan-Pickford,Home,Everton
259,29,90,1,1,0,0.0,0.0,1,5,20.0,35,5,11.4,25.7,6,16.7,30.5,6,1,16.7,0,15.3,Alisson,Away,Liverpool
260,24,90,0,0,0,0.0,0.0,2,8,25.0,13,5,23.1,34.2,6,83.3,63.2,5,1,20.0,0,13.5,Robert-Sanchez,Home,Brighton
261,33,90,4,0,4,100.0,0.3,3,21,14.3,21,8,47.6,44.5,15,73.3,54.9,19,0,0.0,0,9.4,Tim-Krul,Away,Norwich City
262,36,90,3,1,2,66.7,0.7,6,17,35.3,16,3,68.8,50.3,6,100.0,68.2,13,0,0.0,1,17.3,Lukasz-Fabianski,Home,West Ham
263,33,90,3,1,1,66.7,1.2,9,16,56.3,30,4,33.3,36.9,6,100.0,65.8,9,1,11.1,0,17.5,Martin-Dubravka,Away,Newcastle Utd
264,33,90,5,2,3,60.0,1.7,3,8,37.5,25,5,20.0,32.9,7,42.9,36.7,7,0,0.0,0,15.4,Fraser-Forster,Home,Southampton
265,38,90,5,1,4,80.0,1.3,11,28,39.3,27,3,77.8,57.5,7,100.0,73.0,12,2,16.7,1,16.1,Ben-Foster,Away,Watford
266,31,90,3,1,2,66.7,0.6,4,21,19.0,15,2,80.0,52.2,10,90.0,66.8,7,0,0.0,0,9.5,Alex-McCarthy,Home,Southampton
267,30,90,3,1,3,66.7,0.2,0,1,0.0,13,3,7.7,24.8,5,0.0,14.4,3,0,0.0,0,4.5,David-de-Gea,Away,Manchester Utd
268,24,90,4,3,1,25.0,1.7,6,15,40.0,38,3,34.2,37.8,3,66.7,52.3,7,1,14.3,1,15.7,Robert-Sanchez,Home,Brighton
269,29,90,1,0,1,100.0,0.0,5,22,22.7,21,4,71.4,55.9,7,100.0,73.1,18,3,16.7,3,17.4,Nick-Pope,Away,Burnley
270,28,90,2,1,1,50.0,1.1,8,19,42.1,28,4,53.6,43.2,7,57.1,47.4,7,1,14.3,1,13.9,Emiliano-Martinez,Home,Aston Villa
271,25,90,5,1,4,80.0,1.7,9,20,45.0,55,6,34.5,34.5,3,33.3,28.0,16,3,18.8,3,20.6,David-Raya,Away,Brentford
272,33,90,2,0,2,100.0,0.0,5,8,62.5,20,4,25.0,31.1,7,42.9,39.9,6,0,0.0,0,14.0,Tim-Krul,Home,Norwich City
273,28,90,4,0,4,100.0,1.2,3,11,27.3,23,7,34.8,34.0,8,37.5,36.0,12,1,8.3,2,13.4,Jose-Sa,Away,Wolves
274,28,90,8,3,3,62.5,3.1,1,1,100.0,14,5,7.1,23.8,3,0.0,20.3,4,0,0.0,1,18.3,Ederson,Home,Manchester City
275,35,90,6,6,2,33.3,5.1,7,13,53.8,20,2,55.0,38.8,5,40.0,35.2,10,0,0.0,1,13.5,Kasper-Schmeichel,Away,Leicester City
276,23,90,4,2,3,75.0,2.0,0,9,0.0,36,7,19.4,30.9,6,33.3,43.0,5,1,20.0,0,14.0,Robert-Sanchez,Home,Brighton
277,27,90,3,0,3,100.0,0.5,5,20,25.0,13,0,84.6,61.2,10,90.0,74.2,6,1,16.7,0,14.0,Jordan-Pickford,Away,Everton
278,29,90,8,3,4,62.5,2.5,7,15,46.7,14,2,78.6,50.1,5,80.0,51.8,9,0,0.0,1,19.5,Nick-Pope,Home,Burnley
279,34,90,9,3,6,66.7,2.4,6,13,46.2,29,8,37.9,34.7,8,25.0,22.4,11,1,9.1,1,19.2,Vicente-Guaita,Away,Crystal Palace
280,38,90,1,1,0,0.0,0.6,17,31,54.8,30,2,73.3,55.5,9,100.0,78.0,11,0,0.0,3,22.4,Ben-Foster,Home,Watford
281,31,90,4,0,3,100.0,0.7,6,14,42.9,28,10,35.7,35.4,10,40.0,35.1,16,2,12.5,1,13.6,Alex-McCarthy,Away,Southampton
282,29,90,6,0,6,100.0,0.8,4,9,44.4,27,7,22.2,26.0,9,33.3,30.7,14,1,7.1,0,13.3,Edouard-Mendy,Home,Chelsea
283,28,90,4,3,1,25.0,1.8,5,13,38.5,30,6,30.0,34.4,6,66.7,53.8,8,1,12.5,1,14.3,Jed-Steer,Away,Aston Villa
284,22,90,4,1,3,75.0,0.9,7,21,33.3,25,4,64.0,43.0,5,100.0,68.2,5,0,0.0,1,13.3,Illan-Meslier,Home,Leeds United
285,33,90,7,2,5,71.4,2.5,9,12,75.0,29,11,27.6,31.8,12,33.3,35.2,8,0,0.0,2,14.1,Tim-Krul,Away,Norwich City
286,31,90,6,1,5,83.3,1.2,9,16,56.3,19,5,47.4,42.4,12,58.3,48.4,10,0,0.0,1,14.0,David-de-Gea,Home,Manchester Utd
287,28,90,2,0,2,100.0,0.4,5,10,50.0,20,9,40.0,36.1,4,50.0,40.5,13,2,15.4,2,14.4,Jose-Sa,Away,Wolves
288,27,90,1,2,0,0.0,1.8,7,18,38.9,24,5,50.0,41.6,8,75.0,55.3,13,1,7.7,0,11.2,Daniel-Bachmann,Home,Watford
289,28,90,7,3,4,57.1,1.1,6,9,66.7,26,9,23.1,28.8,7,42.9,42.9,4,0,0.0,1,15.7,Emiliano-Martinez,Away,Aston Villa
290,24,90,2,1,1,50.0,0.7,1,4,25.0,21,2,19.0,26.5,5,0.0,16.0,3,0,0.0,2,20.0,Aaron-Ramsdale,Home,Arsenal
291,34,90,8,5,4,50.0,3.1,8,21,38.1,21,1,66.7,49.4,8,87.5,56.9,11,2,18.2,0,10.4,Asmir-Begovic,Away,Everton
292,30,90,2,0,2,100.0,0.1,1,7,14.3,25,3,24.0,28.2,5,20.0,19.2,6,0,0.0,0,5.5,Edouard-Mendy,Home,Chelsea
293,33,90,3,1,1,66.7,1.0,10,22,45.5,19,1,73.7,54.5,9,88.9,61.9,7,0,0.0,0,11.0,Martin-Dubravka,Away,Newcastle Utd
294,29,90,6,2,3,66.7,1.4,5,9,55.6,35,12,22.9,28.9,3,33.3,35.7,3,1,33.3,1,15.2,Alisson,Home,Liverpool
295,23,90,3,2,1,33.3,1.1,8,24,33.3,38,2,44.7,44.3,7,100.0,76.9,6,1,16.7,3,15.6,Robert-Sanchez,Away,Brighton
296,28,90,0,0,0,0.0,0.0,3,7,42.9,33,2,18.2,27.2,4,25.0,38.3,2,0,0.0,1,16.5,Ederson,Home,Manchester City
297,29,90,10,5,5,50.0,4.9,8,23,34.8,20,3,65.0,48.3,11,90.9,61.9,16,0,0.0,0,12.8,Bernd-Leno,Away,Arsenal
298,31,90,4,2,2,50.0,1.7,3,10,30.0,32,7,28.1,36.0,4,25.0,22.5,13,3,23.1,0,8.1,Alex-McCarthy,Home,Southampton
299,29,90,4,2,2,50.0,1.0,14,28,50.0,20,2,85.0,57.9,11,100.0,71.5,14,1,7.1,1,13.3,Nick-Pope,Away,Burnley
300,29,90,3,1,2,66.7,0.9,5,11,45.5,21,5,33.3,36.4,13,30.8,27.7,9,1,11.1,0,9.8,Edouard-Mendy,Home,Chelsea
301,28,90,0,0,0,0.0,0.0,4,10,40.0,28,4,28.6,37.2,3,66.7,58.0,9,1,11.1,1,16.4,Ederson,Away,Manchester City
302,29,90,7,2,5,71.4,0.9,7,14,50.0,26,6,34.6,30.5,8,62.5,44.6,9,0,0.0,0,8.4,Emiliano-Martinez,Home,Aston Villa
303,28,90,3,1,2,66.7,0.6,6,9,66.7,16,0,43.8,40.1,4,50.0,37.0,10,0,0.0,1,16.0,Ederson,Away,Manchester City
304,23,90,6,0,6,100.0,0.3,6,18,33.3,43,1,34.9,33.7,3,100.0,74.3,4,0,0.0,0,16.3,Aaron-Ramsdale,Home,Arsenal
305,40,90,5,3,2,40.0,3.0,9,18,50.0,27,0,37.0,34.3,8,100.0,60.5,7,0,0.0,3,26.7,Willy-Caballero,Away,Southampton
306,29,90,1,1,1,100.0,1.1,5,8,62.5,28,2,25.0,28.3,4,25.0,25.8,1,0,0.0,0,10.0,Edouard-Mendy,Home,Chelsea
307,31,90,9,3,6,66.7,2.9,8,25,32.0,25,1,68.0,48.3,9,88.9,66.9,7,1,14.3,0,5.0,Alex-McCarthy,Away,Southampton
308,31,90,5,3,3,60.0,2.1,13,38,34.2,36,3,77.8,57.5,11,90.9,69.8,9,0,0.0,2,15.0,Karl-Darlow,Home,Newcastle Utd
309,29,90,1,0,1,100.0,0.0,0,0,0.0,11,2,0.0,21.3,2,0.0,12.0,6,0,0.0,0,6.0,Edouard-Mendy,Away,Chelsea
310,30,90,2,0,2,100.0,0.5,8,20,40.0,28,7,57.1,44.9,6,66.7,55.5,10,2,20.0,3,19.9,Nick-Pope,Home,Burnley
311,34,90,6,2,4,66.7,1.9,6,16,37.5,23,2,52.2,45.4,7,57.1,48.1,5,0,0.0,2,17.8,Fraser-Forster,Away,Southampton
312,27,90,0,0,0,0.0,0.0,13,27,48.1,24,1,62.5,47.0,12,100.0,73.5,7,0,0.0,1,17.4,Jordan-Pickford,Home,Everton
313,21,90,10,3,7,70.0,2.6,5,9,55.6,31,13,29.0,31.4,7,0.0,21.3,1,0,0.0,2,15.4,Illan-Meslier,Away,Leeds United
314,23,90,4,1,3,75.0,0.9,7,29,24.1,32,3,56.3,40.1,11,100.0,60.3,9,0,0.0,0,10.3,Alvaro-Fernandez,Home,Brentford
315,28,90,2,0,2,100.0,0.5,5,10,50.0,12,3,50.0,44.0,5,80.0,54.2,4,0,0.0,1,22.0,Ederson,Away,Manchester City
316,35,90,3,0,3,100.0,0.0,3,6,50.0,16,5,25.0,27.2,5,40.0,45.2,2,0,0.0,0,9.0,Kasper-Schmeichel,Home,Leicester City
317,29,90,2,0,2,100.0,0.6,5,18,27.8,22,2,68.2,47.9,4,75.0,52.5,12,1,8.3,0,8.3,Emiliano-Martinez,Away,Aston Villa
318,31,90,6,2,4,66.7,2.5,6,21,28.6,18,2,83.3,51.1,7,85.7,59.7,6,1,16.7,1,21.5,Alex-McCarthy,Home,Southampton
319,35,90,7,2,5,71.4,1.8,12,25,48.0,43,3,46.5,41.1,6,83.3,55.3,9,0,0.0,0,9.8,Kasper-Schmeichel,Away,Leicester City
320,34,90,6,2,4,66.7,2.7,7,13,53.8,18,4,44.4,36.4,10,50.0,40.8,11,1,9.1,2,15.6,Hugo-Lloris,Home,Tottenham
321,29,90,5,2,3,60.0,3.0,5,12,41.7,35,8,28.6,32.3,4,50.0,40.8,4,1,25.0,2,15.6,Alisson,Away,Liverpool
322,28,90,2,0,2,100.0,0.2,1,12,8.3,25,2,40.0,37.2,2,100.0,65.0,0,0,0.0,0,14.7,Ederson,Home,Manchester City
323,26,90,6,2,5,83.3,1.8,12,35,34.3,36,3,75.0,50.8,8,100.0,68.9,9,0,0.0,2,13.0,David-Raya,Away,Brentford
324,31,90,4,1,3,75.0,0.6,2,6,33.3,19,2,21.1,33.8,9,22.2,25.6,3,0,0.0,1,15.5,David-de-Gea,Home,Manchester Utd
325,33,90,7,1,6,85.7,1.6,9,21,42.9,28,4,53.6,39.6,7,85.7,59.3,11,1,9.1,1,14.8,Fraser-Forster,Away,Southampton
326,33,90,9,1,9,100.0,2.7,12,33,36.4,30,2,86.7,66.8,7,100.0,67.4,15,2,13.3,2,15.6,Fraser-Forster,Home,Southampton
327,35,90,2,1,1,50.0,0.7,5,8,62.5,19,3,42.1,37.8,1,0.0,8.0,5,0,0.0,0,13.5,Hugo-Lloris,Away,Tottenham
328,31,90,3,0,3,100.0,0.7,7,10,70.0,31,6,25.8,28.4,3,66.7,52.0,16,3,18.8,0,15.0,Alex-McCarthy,Home,Southampton
329,36,90,2,0,2,100.0,0.4,5,8,62.5,18,4,33.3,32.7,7,28.6,44.1,6,0,0.0,1,12.5,Lukasz-Fabianski,Away,West Ham
330,33,90,5,1,4,80.0,1.0,9,28,32.1,27,1,74.1,51.3,10,80.0,59.7,11,0,0.0,0,12.0,Tim-Krul,Home,Norwich City
331,31,90,4,2,2,50.0,1.1,1,6,16.7,20,7,15.0,26.3,4,75.0,46.8,7,1,14.3,0,14.3,Alex-McCarthy,Away,Southampton
332,31,90,6,1,5,83.3,1.6,8,19,42.1,16,1,68.8,46.4,10,80.0,56.6,15,0,0.0,0,6.6,David-de-Gea,Home,Manchester Utd
333,30,90,3,1,2,66.7,0.6,2,5,40.0,17,2,29.4,28.6,2,0.0,8.0,2,0,0.0,0,12.5,Edouard-Mendy,Away,Chelsea
334,39,90,5,0,5,100.0,0.9,5,19,26.3,27,3,55.6,44.6,4,100.0,62.5,10,1,10.0,0,12.8,Ben-Foster,Home,Watford
335,28,90,0,0,0,0.0,0.0,9,26,34.6,27,3,63.0,48.3,9,100.0,69.3,6,1,16.7,1,13.8,Jordan-Pickford,Away,Everton
336,29,90,3,0,3,100.0,0.8,3,6,50.0,68,2,7.4,22.8,3,33.3,35.0,5,0,0.0,2,27.3,Alisson,Home,Liverpool
337,23,90,9,4,5,55.6,4.4,5,14,35.7,28,3,35.7,32.6,7,57.1,50.4,8,0,0.0,0,10.2,Aaron-Ramsdale,Away,Arsenal
338,28,90,5,3,2,40.0,2.3,0,1,0.0,18,2,5.6,24.9,3,0.0,22.3,1,0,0.0,0,19.0,Ederson,Home,Manchester City
339,35,90,3,2,2,66.7,2.3,7,14,50.0,22,10,40.9,34.2,14,35.7,28.2,24,2,8.3,0,7.7,Hugo-Lloris,Away,Tottenham
340,29,90,5,2,3,60.0,1.2,3,10,30.0,17,3,58.8,43.3,2,0.0,8.5,7,1,14.3,4,22.8,Edouard-Mendy,Home,Chelsea
341,23,90,6,2,4,66.7,2.2,3,9,33.3,39,9,20.5,27.6,8,12.5,29.9,8,0,0.0,2,17.3,Caoimhin-Kelleher,Away,Liverpool
342,29,90,1,0,1,100.0,0.0,4,4,100.0,19,5,10.5,22.4,9,22.2,32.4,2,0,0.0,1,20.0,Alisson,Home,Liverpool
343,28,90,4,2,2,50.0,1.8,6,20,30.0,12,0,100.0,78.0,9,88.9,70.6,14,0,0.0,0,4.5,Jordan-Pickford,Away,Everton
344,23,90,1,0,1,100.0,0.5,4,11,36.4,20,3,25.0,32.1,7,85.7,65.3,10,1,10.0,0,14.5,Aaron-Ramsdale,Home,Arsenal
345,36,90,7,2,4,71.4,3.5,10,20,50.0,27,3,63.0,48.9,5,60.0,48.8,7,0,0.0,0,10.0,Lukasz-Fabianski,Away,West Ham
346,31,90,1,0,1,100.0,0.0,1,6,16.7,17,3,23.5,30.6,7,28.6,34.4,6,0,0.0,0,12.5,David-de-Gea,Home,Manchester Utd
347,28,90,3,1,2,66.7,1.2,8,28,28.6,27,3,66.7,49.7,14,71.4,53.2,13,1,7.7,0,7.0,Alphonse-Areola,Away,West Ham
348,29,90,2,0,2,100.0,0.7,4,12,33.3,25,12,32.0,37.6,5,80.0,56.0,11,1,9.1,3,18.9,Nick-Pope,Home,Burnley
349,33,90,4,0,4,100.0,1.1,10,29,34.5,36,5,55.6,42.5,12,75.0,61.8,25,1,4.0,1,16.0,Tim-Krul,Away,Norwich City
350,30,90,5,2,4,60.0,2.2,3,14,21.4,9,2,55.6,42.6,11,81.8,54.0,8,0,0.0,0,13.0,David-de-Gea,Home,Manchester Utd
351,28,90,1,0,1,100.0,0.0,2,3,66.7,20,0,15.0,24.7,4,0.0,23.0,4,0,0.0,0,0.0,Ederson,Away,Manchester City
352,29,90,3,0,2,100.0,1.0,8,23,34.8,15,0,93.3,61.1,10,90.0,62.1,10,0,0.0,0,12.0,Nick-Pope,Home,Burnley
353,35,90,4,1,3,75.0,0.8,2,6,33.3,28,9,21.4,28.1,6,0.0,23.5,14,0,0.0,0,12.6,Hugo-Lloris,Away,Tottenham
354,26,90,1,0,1,100.0,0.1,13,27,48.1,41,6,53.7,42.5,5,100.0,68.8,14,1,7.1,2,16.4,David-Raya,Home,Brentford
355,29,90,2,2,1,50.0,2.1,8,31,25.8,32,2,84.4,56.6,4,100.0,69.8,11,0,0.0,3,16.7,Nick-Pope,Away,Burnley
356,26,90,6,2,4,66.7,1.4,8,13,61.5,36,2,36.1,34.6,6,0.0,17.5,3,0,0.0,2,22.5,David-Raya,Home,Brentford
357,34,90,5,1,4,80.0,1.1,6,26,23.1,31,4,64.5,48.5,12,50.0,45.3,12,1,8.3,0,10.8,Kasper-Schmeichel,Away,Leicester City
358,34,90,9,3,6,66.7,3.3,3,10,30.0,20,2,45.0,38.0,6,16.7,22.2,9,0,0.0,0,6.0,Hugo-Lloris,Home,Tottenham
359,26,90,2,0,2,100.0,0.3,6,8,75.0,26,6,30.8,30.0,4,0.0,9.3,8,1,12.5,1,18.8,Kepa-Arrizabalaga,Away,Chelsea
360,23,90,1,0,1,100.0,0.0,4,13,30.8,31,4,29.0,32.7,8,50.0,43.0,9,3,33.3,1,15.0,Robert-Sanchez,Home,Brighton
361,27,90,3,2,1,33.3,1.1,1,5,20.0,18,3,27.8,29.7,8,0.0,27.3,8,1,12.5,0,13.5,Daniel-Bachmann,Away,Watford
362,28,90,2,2,0,0.0,0.7,9,9,100.0,22,3,36.4,38.8,3,33.3,42.7,3,0,0.0,0,12.5,Ederson,Home,Manchester City
363,32,90,5,3,2,40.0,2.6,11,32,34.4,28,6,64.3,45.9,20,70.0,54.0,12,1,8.3,0,9.7,Robin-Olsen,Away,Aston Villa
364,24,90,5,0,5,100.0,0.6,7,18,38.9,27,5,51.9,41.9,6,66.7,54.8,13,1,7.7,0,8.7,Robert-Sanchez,Home,Brighton
365,31,90,5,4,1,20.0,2.7,2,7,28.6,12,2,25.0,26.6,7,57.1,44.0,11,0,0.0,0,11.5,David-de-Gea,Away,Manchester Utd
366,35,90,9,3,6,66.7,3.2,6,12,50.0,14,2,57.1,46.1,7,57.1,40.1,12,1,8.3,1,14.2,Hugo-Lloris,Home,Tottenham
367,33,90,3,2,2,33.3,1.4,6,15,40.0,24,6,45.8,38.7,4,100.0,58.3,13,0,0.0,1,12.8,Fraser-Forster,Away,Southampton
368,28,90,3,0,3,100.0,0.8,5,8,62.5,16,2,37.5,34.8,5,40.0,42.4,6,0,0.0,0,20.0,Ederson,Home,Manchester City
369,33,90,9,5,4,44.4,3.4,10,32,31.3,28,2,60.7,43.3,15,100.0,70.2,7,2,28.6,0,15.8,Martin-Dubravka,Away,Newcastle Utd
370,35,90,4,2,3,75.0,2.1,5,24,20.8,30,3,63.3,46.0,11,45.5,44.5,9,1,11.1,0,8.6,Kasper-Schmeichel,Home,Leicester City
371,27,90,8,4,4,50.0,2.8,5,24,20.8,21,2,85.7,58.5,6,100.0,64.5,4,0,0.0,1,16.5,Daniel-Bachmann,Away,Watford
372,26,90,1,0,1,100.0,0.0,6,9,66.7,38,5,21.1,28.2,9,11.1,22.3,7,1,14.3,1,31.0,David-Raya,Home,Brentford
373,36,90,7,2,5,71.4,1.3,7,17,41.2,29,5,48.3,40.0,5,60.0,46.4,13,0,0.0,0,9.3,Lukasz-Fabianski,Away,West Ham
374,29,90,5,4,1,20.0,3.1,0,1,0.0,9,2,11.1,22.4,4,0.0,15.5,1,0,0.0,1,23.0,Emiliano-Martinez,Home,Aston Villa
375,35,90,8,0,8,100.0,0.6,2,5,40.0,18,7,27.8,32.0,9,0.0,18.3,11,2,18.2,1,10.8,Hugo-Lloris,Away,Tottenham
376,29,90,0,0,0,0.0,0.0,2,7,28.6,21,1,28.6,31.6,3,33.3,20.7,7,0,0.0,2,17.3,Alisson,Home,Liverpool
377,29,90,4,1,3,100.0,1.4,7,28,25.0,33,6,60.6,45.8,10,80.0,55.7,10,0,0.0,0,11.2,Emiliano-Martinez,Away,Aston Villa
378,30,90,9,1,8,88.9,1.4,12,23,52.2,22,5,59.1,48.8,11,90.9,66.5,14,1,7.1,0,11.4,Karl-Darlow,Home,Newcastle Utd
379,21,90,7,1,6,85.7,1.5,7,12,58.3,30,8,33.3,30.1,9,22.2,25.4,5,1,20.0,0,11.5,Illan-Meslier,Away,Leeds United
380,23,90,4,1,2,75.0,1.1,9,23,39.1,25,2,56.0,45.3,10,90.0,57.3,9,1,11.1,0,13.5,Aaron-Ramsdale,Home,Arsenal
381,34,90,7,3,4,57.1,2.6,9,15,60.0,21,2,57.1,38.7,7,42.9,34.7,3,0,0.0,0,16.5,Hugo-Lloris,Away,Tottenham
382,28,90,1,0,1,100.0,0.3,5,16,31.3,22,1,63.6,45.3,5,40.0,36.8,15,2,13.3,1,18.0,Jose-Sa,Home,Wolves
383,29,90,3,0,3,100.0,0.8,7,23,30.4,18,3,83.3,56.9,10,80.0,60.5,14,0,0.0,0,13.0,Nick-Pope,Away,Burnley
384,28,90,1,0,1,100.0,0.3,4,4,100.0,20,4,20.0,29.6,1,0.0,20.0,1,0,0.0,0,6.3,Ederson,Home,Manchester City
385,28,90,8,1,8,100.0,2.1,3,18,16.7,24,7,58.3,43.3,12,33.3,33.8,10,0,0.0,0,6.3,Jose-Sa,Away,Wolves
386,23,90,1,0,1,100.0,0.0,4,10,40.0,24,4,25.0,30.1,6,66.7,57.2,5,0,0.0,1,14.7,Aaron-Ramsdale,Home,Arsenal
387,33,90,6,1,4,83.3,1.6,13,28,46.4,35,2,54.3,40.9,15,60.0,47.8,9,0,0.0,0,12.2,Tim-Krul,Away,Norwich City
388,33,90,5,1,4,80.0,1.0,8,11,72.7,21,5,23.8,28.7,6,100.0,64.3,5,1,20.0,0,17.0,Martin-Dubravka,Home,Newcastle Utd
389,38,90,1,1,0,0.0,0.4,8,20,40.0,21,2,66.7,47.5,9,66.7,47.7,13,1,7.7,0,11.0,Ben-Foster,Away,Watford
390,29,90,5,2,3,60.0,1.5,10,29,34.5,29,3,72.4,51.9,8,100.0,64.4,7,0,0.0,1,11.1,Emiliano-Martinez,Home,Aston Villa
391,29,90,4,1,3,75.0,1.1,9,12,75.0,25,6,36.0,33.2,6,50.0,43.0,6,0,0.0,2,19.0,Alisson,Away,Liverpool
392,23,90,4,2,3,75.0,1.6,10,17,58.8,37,3,43.2,36.1,3,33.3,30.3,6,0,0.0,1,15.5,Alvaro-Fernandez,Home,Brentford
393,33,90,7,1,6,85.7,3.1,7,25,28.0,24,5,66.7,50.2,9,100.0,67.1,13,1,7.7,0,10.5,Tim-Krul,Away,Norwich City
394,31,90,4,0,4,100.0,0.1,3,12,25.0,23,5,34.8,36.6,8,50.0,44.0,18,1,5.6,0,12.0,David-de-Gea,Home,Manchester Utd
395,26,90,4,3,2,50.0,1.8,7,16,43.8,28,3,46.4,39.9,6,50.0,39.0,2,0,0.0,1,12.8,David-Raya,Away,Brentford
396,29,90,4,1,3,75.0,1.5,11,28,39.3,29,7,72.4,50.4,8,87.5,58.8,6,1,16.7,1,16.7,Nick-Pope,Home,Burnley
397,29,90,5,0,5,100.0,0.7,6,9,66.7,48,8,16.7,28.8,4,25.0,31.3,6,0,0.0,4,24.3,Alisson,Away,Liverpool
398,36,90,4,0,4,100.0,0.2,8,15,53.3,28,12,46.4,37.9,3,66.7,46.3,8,2,25.0,0,11.1,Lukasz-Fabianski,Home,West Ham
399,34,90,4,1,3,75.0,1.5,5,13,38.5,15,3,46.7,38.3,7,85.7,52.1,10,1,10.0,0,18.2,Hugo-Lloris,Away,Tottenham
400,34,90,1,0,1,100.0,0.0,4,4,100.0,10,3,20.0,28.1,4,50.0,27.5,2,1,50.0,0,14.0,Vicente-Guaita,Home,Crystal Palace
401,34,90,3,3,1,33.3,2.6,8,24,33.3,19,1,78.9,55.5,13,69.2,47.7,15,0,0.0,0,7.2,Hugo-Lloris,Away,Tottenham
402,32,90,5,2,3,60.0,1.2,6,15,40.0,22,8,50.0,41.0,14,28.6,27.1,13,0,0.0,0,9.7,Alex-McCarthy,Home,Southampton
403,29,90,2,1,1,50.0,0.5,7,14,50.0,38,4,34.2,33.1,1,100.0,43.0,6,0,0.0,5,23.8,Alisson,Away,Liverpool
404,30,90,3,1,2,66.7,0.6,3,5,60.0,18,2,27.8,33.9,5,0.0,24.0,15,1,6.7,0,13.5,David-de-Gea,Home,Manchester Utd
405,29,90,4,0,4,100.0,0.6,9,33,27.3,28,1,85.7,57.3,13,69.2,50.9,9,0,0.0,1,15.2,Emiliano-Martinez,Away,Aston Villa
406,33,90,0,0,0,0.0,0.0,9,20,45.0,26,6,57.7,43.5,6,83.3,55.2,7,0,0.0,0,10.4,Fraser-Forster,Home,Southampton
407,27,90,11,2,9,81.8,3.3,18,37,48.6,37,0,83.8,61.1,6,100.0,73.2,5,0,0.0,0,9.0,Jordan-Pickford,Away,Everton
408,29,90,3,1,2,66.7,1.1,1,2,50.0,24,7,8.3,19.5,3,0.0,6.7,2,0,0.0,2,18.1,Edouard-Mendy,Home,Chelsea
409,27,90,10,1,9,90.0,3.0,7,33,21.2,24,3,83.3,59.9,13,100.0,73.2,11,0,0.0,0,10.2,Jordan-Pickford,Away,Everton
410,21,90,6,2,5,66.7,2.3,3,12,25.0,36,7,27.8,29.5,10,20.0,27.3,7,0,0.0,0,8.5,Illan-Meslier,Home,Leeds United
411,36,90,5,1,4,80.0,1.4,5,12,41.7,23,7,30.4,34.5,6,83.3,55.8,7,0,0.0,0,12.7,Lukasz-Fabianski,Away,West Ham
412,39,90,7,5,2,28.6,3.0,9,24,37.5,22,3,54.5,42.2,12,100.0,65.7,9,0,0.0,0,11.9,Ben-Foster,Home,Watford
413,28,90,5,1,4,80.0,1.3,3,7,42.9,27,8,22.2,30.2,7,14.3,27.0,11,3,27.3,0,14.7,Danny-Ward,Away,Leicester City
414,29,90,2,3,1,50.0,2.6,10,13,76.9,26,3,34.6,31.2,7,57.1,41.6,11,1,9.1,1,14.9,Emiliano-Martinez,Home,Aston Villa
415,29,90,1,1,1,0.0,0.0,2,3,66.7,16,5,18.8,27.8,2,0.0,12.5,8,1,12.5,2,14.8,Edouard-Mendy,Away,Chelsea
416,38,90,4,3,1,25.0,1.8,14,26,53.8,28,4,60.7,49.0,10,90.0,61.5,12,1,8.3,2,14.7,Ben-Foster,Home,Watford
417,23,90,7,2,5,71.4,1.3,2,12,16.7,31,6,32.3,34.2,4,50.0,48.3,6,2,33.3,2,21.7,Aaron-Ramsdale,Away,Arsenal
418,26,90,3,0,3,100.0,0.2,16,31,51.6,40,8,70.0,45.2,3,100.0,67.7,8,0,0.0,2,18.7,David-Raya,Home,Brentford
419,35,90,2,0,2,100.0,0.8,4,9,44.4,23,4,34.8,34.3,2,50.0,38.0,4,1,25.0,0,17.8,Vicente-Guaita,Away,Crystal Palace
420,30,90,3,1,2,66.7,1.1,2,2,100.0,21,3,9.5,22.8,3,0.0,16.3,4,0,0.0,2,19.0,Edouard-Mendy,Home,Chelsea
421,27,90,8,2,6,75.0,2.3,9,20,45.0,22,4,59.1,50.5,7,100.0,66.9,7,0,0.0,0,7.0,Daniel-Bachmann,Away,Watford
422,28,90,5,1,5,100.0,1.9,2,3,66.7,14,4,14.3,28.0,4,25.0,25.8,2,0,0.0,1,17.7,Jose-Sa,Home,Wolves
423,34,90,6,0,6,100.0,1.1,8,18,44.4,13,7,46.2,39.7,16,75.0,56.0,18,0,0.0,0,13.5,Hugo-Lloris,Away,Tottenham
424,35,90,4,2,1,50.0,1.7,1,1,100.0,21,6,4.8,26.6,3,0.0,34.7,4,0,0.0,0,9.3,Kasper-Schmeichel,Home,Leicester City
425,28,90,8,1,7,87.5,1.5,11,36,30.6,31,3,96.8,63.1,6,100.0,75.2,12,1,8.3,0,10.8,Jordan-Pickford,Away,Everton
426,22,90,3,3,0,0.0,1.8,6,21,28.6,32,7,40.6,34.4,10,80.0,57.7,8,1,12.5,1,13.6,Illan-Meslier,Home,Leeds United
427,30,90,0,0,0,0.0,0.0,6,9,66.7,24,2,29.2,32.9,3,66.7,50.7,6,0,0.0,1,19.3,Edouard-Mendy,Away,Chelsea
428,34,90,5,2,3,60.0,1.0,1,5,20.0,32,9,15.6,25.9,2,0.0,23.5,3,0,0.0,0,10.3,Vicente-Guaita,Home,Crystal Palace
429,34,90,4,2,2,50.0,0.8,11,32,34.4,29,0,82.8,51.3,11,72.7,58.7,13,1,7.7,0,10.0,Kasper-Schmeichel,Away,Leicester City
430,36,90,5,3,2,40.0,2.4,11,18,61.1,18,5,55.6,43.8,9,88.9,63.2,7,0,0.0,0,13.3,Lukasz-Fabianski,Home,West Ham
431,21,90,5,2,3,60.0,1.5,3,14,21.4,33,2,27.3,28.9,11,45.5,39.9,15,0,0.0,1,12.2,Illan-Meslier,Away,Leeds United
432,33,90,6,3,3,50.0,1.6,7,21,33.3,36,4,50.0,37.1,8,37.5,32.5,11,0,0.0,1,11.4,Tim-Krul,Home,Norwich City
433,28,90,4,0,4,100.0,1.0,6,9,66.7,22,4,22.7,32.6,8,50.0,45.8,12,0,0.0,2,24.3,Alisson,Away,Liverpool
434,23,90,2,0,2,100.0,0.1,10,19,52.6,35,1,34.3,39.6,7,100.0,68.1,5,1,20.0,1,15.3,Robert-Sanchez,Home,Brighton
435,23,90,2,0,2,100.0,0.1,4,22,18.2,22,10,40.9,35.1,15,86.7,63.8,8,0,0.0,0,19.8,Aaron-Ramsdale,Away,Arsenal
436,29,90,4,1,4,100.0,2.0,4,9,44.4,25,4,28.0,38.2,6,33.3,32.0,8,2,25.0,0,13.3,Jose-Sa,Home,Wolves
437,29,90,4,2,3,50.0,0.5,2,5,40.0,20,4,25.0,30.3,5,0.0,26.4,6,0,0.0,2,18.0,Emiliano-Martinez,Away,Aston Villa
438,33,90,11,1,10,90.9,2.4,10,32,31.3,25,4,64.0,46.9,16,100.0,70.4,5,0,0.0,2,20.0,Martin-Dubravka,Home,Newcastle Utd
439,29,90,2,0,2,100.0,0.2,12,17,70.6,45,6,35.6,33.9,2,50.0,34.5,6,2,33.3,2,21.6,Alisson,Away,Liverpool
440,30,90,3,4,0,0.0,2.8,7,14,50.0,29,3,34.5,33.0,6,66.7,44.7,2,0,0.0,0,9.7,Edouard-Mendy,Home,Chelsea
441,23,90,2,2,0,0.0,0.7,6,16,37.5,17,1,58.8,48.4,8,75.0,57.6,12,1,8.3,1,17.4,Aaron-Ramsdale,Away,Arsenal
442,29,90,2,2,2,100.0,2.4,9,26,34.6,24,4,66.7,48.7,10,100.0,73.6,17,1,5.9,2,19.2,Nick-Pope,Home,Burnley
443,28,90,4,3,1,25.0,2.1,9,26,34.6,18,0,100.0,65.4,8,100.0,71.0,5,0,0.0,1,21.0,Jordan-Pickford,Away,Everton
444,35,90,3,0,3,100.0,0.4,5,18,27.8,19,1,63.2,49.9,9,66.7,48.8,4,0,0.0,1,14.6,Vicente-Guaita,Home,Crystal Palace
445,23,90,4,3,2,50.0,1.7,4,7,57.1,25,3,28.0,29.6,5,0.0,15.2,4,0,0.0,3,23.6,Aaron-Ramsdale,Away,Arsenal
446,28,90,2,0,2,100.0,0.1,4,4,100.0,34,8,8.8,21.6,5,20.0,25.0,5,0,0.0,1,18.2,Ederson,Home,Manchester City
447,31,90,1,0,1,100.0,0.3,6,29,20.7,25,0,72.0,53.4,12,91.7,65.8,10,1,10.0,0,14.8,Alex-McCarthy,Away,Southampton
448,27,90,12,3,8,75.0,3.4,14,32,43.8,26,2,84.6,57.3,10,100.0,63.4,6,0,0.0,2,14.9,Daniel-Bachmann,Home,Watford
449,28,90,4,1,3,75.0,0.6,4,7,57.1,29,6,20.7,25.3,6,16.7,24.5,6,1,16.7,2,25.7,Ederson,Away,Manchester City
450,24,90,5,2,3,60.0,1.4,5,20,25.0,25,5,48.0,46.0,9,88.9,66.7,13,2,15.4,0,9.5,Robert-Sanchez,Home,Brighton
451,34,90,5,2,4,60.0,1.7,6,13,46.2,15,4,66.7,47.2,4,75.0,56.3,7,0,0.0,1,16.3,Fraser-Forster,Away,Southampton
452,36,90,2,1,1,50.0,0.7,3,9,33.3,18,6,38.9,35.3,6,33.3,39.0,9,0,0.0,0,10.8,Lukasz-Fabianski,Home,West Ham
453,28,90,5,2,3,60.0,1.3,7,21,33.3,33,5,45.5,41.4,9,66.7,53.3,9,0,0.0,2,13.4,Jordan-Pickford,Away,Everton
454,30,90,4,2,2,50.0,1.3,6,8,75.0,21,4,19.0,25.4,9,44.4,36.7,8,0,0.0,0,12.7,Edouard-Mendy,Home,Chelsea
455,29,90,5,2,4,80.0,2.3,5,15,33.3,16,5,68.8,45.8,9,44.4,35.8,6,0,0.0,0,12.4,Jose-Sa,Away,Wolves
456,23,90,3,0,3,100.0,0.7,5,14,35.7,37,4,35.1,35.8,1,100.0,73.0,7,0,0.0,0,11.5,Aaron-Ramsdale,Home,Arsenal
457,35,90,6,2,5,83.3,2.2,7,12,58.3,23,2,39.1,36.3,8,37.5,40.0,6,0,0.0,0,10.8,Kasper-Schmeichel,Away,Leicester City
458,39,90,5,3,2,40.0,2.5,9,27,33.3,24,2,75.0,50.0,10,90.0,63.1,4,0,0.0,3,19.0,Ben-Foster,Home,Watford
459,22,90,1,0,1,100.0,0.9,5,16,31.3,21,0,42.9,36.2,7,100.0,64.4,10,2,20.0,1,14.0,Illan-Meslier,Away,Leeds United
460,23,90,5,0,4,100.0,0.1,3,6,50.0,18,4,33.3,31.9,1,0.0,10.0,9,1,11.1,0,13.0,Aaron-Ramsdale,Home,Arsenal
461,32,90,6,2,4,66.7,2.5,6,19,31.6,31,9,35.5,36.3,12,66.7,50.2,10,1,10.0,0,9.8,Martin-Dubravka,Away,Newcastle Utd
462,35,90,6,3,4,66.7,2.8,7,8,87.5,36,15,22.2,24.0,7,0.0,16.1,14,0,0.0,1,13.7,Vicente-Guaita,Home,Crystal Palace
463,29,90,5,1,4,80.0,3.0,3,16,18.8,32,2,40.6,40.5,5,60.0,45.4,5,0,0.0,0,13.0,Alisson,Away,Liverpool
464,31,90,3,1,2,66.7,1.0,3,10,30.0,21,1,33.3,34.0,10,30.0,31.8,5,0,0.0,0,13.0,David-de-Gea,Home,Manchester Utd
465,35,90,5,1,4,80.0,1.1,5,12,41.7,22,7,45.5,36.8,7,28.6,31.7,9,0,0.0,0,8.3,Kasper-Schmeichel,Away,Leicester City
466,29,90,2,0,2,100.0,0.3,6,9,66.7,32,9,28.1,28.8,2,0.0,27.5,4,0,0.0,1,15.0,Alisson,Home,Liverpool
467,38,90,2,2,1,50.0,2.1,4,32,12.5,21,3,81.0,55.6,15,100.0,73.3,11,1,9.1,2,13.7,Ben-Foster,Away,Watford
468,34,90,3,0,3,100.0,0.8,9,22,40.9,27,5,55.6,45.1,11,63.6,39.5,6,0,0.0,0,12.0,Vicente-Guaita,Home,Crystal Palace
469,25,90,2,0,2,100.0,0.2,4,22,18.2,39,6,43.6,37.8,6,83.3,62.0,7,1,14.3,1,15.1,David-Raya,Away,Brentford
470,34,90,12,5,7,58.3,4.6,4,14,28.6,28,7,39.3,39.1,4,75.0,59.3,5,0,0.0,0,11.0,Tim-Krul,Home,Norwich City
471,35,90,0,0,0,0.0,0.0,2,6,33.3,13,4,30.8,31.8,8,25.0,31.4,6,0,0.0,0,12.3,Hugo-Lloris,Away,Tottenham
472,29,90,3,0,3,100.0,0.4,6,11,54.5,18,3,44.4,41.9,10,30.0,33.7,4,1,25.0,0,10.0,Emiliano-Martinez,Home,Aston Villa
473,34,90,6,2,3,66.7,2.2,7,15,46.7,39,5,28.2,31.1,8,50.0,44.9,8,0,0.0,0,12.6,Tim-Krul,Away,Norwich City
474,23,90,1,0,1,100.0,0.0,2,11,18.2,32,4,25.0,34.8,5,60.0,51.4,1,0,0.0,2,19.5,Aaron-Ramsdale,Home,Arsenal
475,29,90,5,0,5,100.0,0.8,9,27,33.3,21,2,81.0,53.2,10,100.0,66.5,10,0,0.0,1,17.2,Nick-Pope,Away,Burnley
476,30,90,3,0,3,100.0,0.7,5,6,83.3,24,7,25.0,28.5,4,0.0,17.8,8,0,0.0,0,11.3,Edouard-Mendy,Home,Chelsea
477,37,90,4,1,3,75.0,2.5,5,22,22.7,22,5,59.1,51.4,16,56.3,52.0,14,0,0.0,0,8.6,Lukasz-Fabianski,Away,West Ham
478,34,90,3,2,1,33.3,0.7,4,5,80.0,13,2,23.1,29.4,5,40.0,39.0,4,0,0.0,1,20.7,Vicente-Guaita,Home,Crystal Palace
479,29,90,3,1,2,66.7,0.8,5,14,35.7,19,4,57.9,44.8,6,50.0,46.3,12,0,0.0,0,10.9,Emiliano-Martinez,Away,Aston Villa
480,34,90,4,0,4,100.0,0.3,13,23,56.5,17,1,88.2,51.9,10,80.0,54.7,11,0,0.0,0,14.5,Hugo-Lloris,Home,Tottenham
481,27,90,2,1,1,50.0,0.6,4,6,66.7,16,6,31.3,34.9,6,16.7,35.2,3,0,0.0,2,21.4,Ederson,Away,Manchester City
482,23,90,2,1,1,50.0,0.7,3,6,50.0,23,4,21.7,30.6,1,100.0,75.0,3,0,0.0,0,9.0,Aaron-Ramsdale,Home,Arsenal
483,22,90,9,2,7,77.8,2.5,5,19,26.3,24,7,50.0,39.3,13,53.8,43.8,15,0,0.0,0,8.3,Illan-Meslier,Away,Leeds United
484,23,90,5,1,4,80.0,1.7,5,16,31.3,28,5,50.0,38.4,8,25.0,29.8,2,0,0.0,1,16.4,Alvaro-Fernandez,Home,Brentford
485,29,90,4,2,2,50.0,0.9,7,14,50.0,22,1,36.4,34.6,9,66.7,49.2,9,1,11.1,0,9.0,Emiliano-Martinez,Away,Aston Villa
486,35,90,3,0,3,100.0,1.0,12,28,42.9,22,3,72.7,47.1,14,85.7,60.7,15,1,6.7,0,9.8,Kasper-Schmeichel,Home,Leicester City
487,29,90,1,1,0,0.0,0.2,6,7,85.7,18,4,27.8,32.3,2,100.0,63.5,4,0,0.0,1,20.0,Alisson,Away,Liverpool
488,34,90,4,4,1,25.0,2.3,4,10,40.0,25,4,28.0,31.3,5,60.0,52.0,10,0,0.0,0,11.3,Tim-Krul,Home,Norwich City
489,37,90,2,0,2,100.0,0.3,4,7,57.1,24,7,29.2,32.2,4,0.0,19.8,9,2,22.2,0,10.8,Lukasz-Fabianski,Away,West Ham
490,34,90,4,1,3,75.0,1.6,4,11,36.4,21,5,42.9,40.3,5,40.0,36.6,6,1,16.7,0,11.8,Vicente-Guaita,Home,Crystal Palace
491,23,90,2,1,2,100.0,1.1,15,28,53.6,60,7,43.3,37.6,6,33.3,32.2,6,0,0.0,2,15.3,Robert-Sanchez,Away,Brighton
492,22,90,9,3,6,66.7,3.1,1,3,33.3,14,4,21.4,28.1,5,0.0,14.0,8,0,0.0,1,29.0,Illan-Meslier,Home,Leeds United
493,29,90,1,0,1,100.0,0.1,4,6,66.7,18,5,16.7,26.6,9,33.3,34.7,9,2,22.2,1,15.7,Emiliano-Martinez,Away,Aston Villa
494,23,90,4,1,3,75.0,1.3,8,14,57.1,23,5,43.5,35.0,4,100.0,69.8,6,2,33.3,1,14.1,Aaron-Ramsdale,Home,Arsenal
495,29,90,8,3,5,62.5,2.6,7,13,53.8,33,4,36.4,34.7,7,14.3,24.1,3,0,0.0,1,14.0,Emiliano-Martinez,Away,Aston Villa
496,29,90,7,1,6,85.7,1.8,5,10,50.0,20,8,30.0,37.0,8,50.0,34.5,18,3,16.7,0,8.3,Jose-Sa,Home,Wolves
497,35,90,3,2,1,33.3,1.3,4,6,66.7,19,2,31.6,32.7,4,0.0,17.8,3,0,0.0,1,31.5,Kasper-Schmeichel,Away,Leicester City
498,28,90,2,2,1,50.0,2.3,6,14,42.9,23,3,43.5,41.6,9,44.4,38.0,4,1,25.0,4,37.7,Jose-Sa,Home,Wolves
499,26,90,0,0,0,0.0,0.0,12,27,44.4,35,4,60.0,46.2,11,54.5,48.2,7,1,14.3,0,10.7,David-Raya,Away,Brentford
500,35,90,4,1,3,75.0,1.5,9,17,52.9,25,6,56.0,41.3,5,60.0,47.4,8,1,12.5,0,10.9,Kasper-Schmeichel,Home,Leicester City
501,24,90,5,1,4,80.0,0.9,7,15,46.7,50,7,28.0,33.5,2,50.0,41.0,5,1,20.0,2,12.7,Robert-Sanchez,Away,Brighton
502,33,90,5,1,4,80.0,1.4,9,21,42.9,27,4,40.7,39.3,12,83.3,57.7,26,3,11.5,0,9.8,Fraser-Forster,Home,Southampton
503,28,90,3,1,2,66.7,1.1,2,5,40.0,26,2,19.2,30.5,2,0.0,13.0,0,0,0.0,2,34.3,Ederson,Away,Manchester City
504,21,90,9,4,5,55.6,2.5,3,13,23.1,34,9,38.2,34.4,4,0.0,17.5,7,0,0.0,0,7.8,Illan-Meslier,Home,Leeds United
505,31,90,6,2,4,66.7,1.5,2,13,15.4,18,4,44.4,35.3,7,71.4,53.1,5,0,0.0,0,14.3,David-de-Gea,Away,Manchester Utd
506,28,90,10,1,9,90.0,1.1,6,18,33.3,23,7,60.9,46.0,5,80.0,59.6,10,3,30.0,2,17.0,Jose-Sa,Home,Wolves
507,33,90,4,3,2,50.0,2.5,2,7,28.6,15,1,33.3,39.3,3,66.7,46.7,2,1,50.0,0,9.0,Fraser-Forster,Away,Southampton
508,27,90,0,0,0,0.0,0.0,4,12,33.3,23,5,43.5,41.4,3,66.7,56.3,8,1,12.5,1,15.0,Jordan-Pickford,Home,Everton
509,34,90,2,0,2,100.0,0.1,4,6,66.7,21,6,19.0,26.9,9,22.2,28.9,5,0,0.0,1,14.8,Hugo-Lloris,Away,Tottenham
510,29,90,6,2,4,66.7,1.3,4,8,50.0,17,7,35.3,38.4,4,50.0,45.0,8,0,0.0,0,15.5,Nick-Pope,Home,Burnley
511,23,90,3,1,2,66.7,0.8,4,27,14.8,49,8,42.9,40.0,8,75.0,56.6,22,4,18.2,0,9.0,Robert-Sanchez,Away,Brighton
512,29,90,7,2,6,85.7,3.0,4,7,57.1,25,4,28.0,31.9,3,0.0,12.7,10,1,10.0,2,32.3,Jose-Sa,Home,Wolves
513,35,90,5,0,5,100.0,0.4,4,16,25.0,23,6,52.2,38.2,8,50.0,45.0,12,0,0.0,2,15.5,Vicente-Guaita,Away,Crystal Palace
514,34,90,4,3,2,50.0,2.4,3,5,60.0,29,6,10.3,25.2,7,28.6,29.6,12,3,25.0,1,18.8,Vicente-Guaita,Home,Crystal Palace
515,36,90,6,2,4,66.7,0.8,7,25,28.0,23,4,69.6,56.2,10,90.0,63.0,22,1,4.5,1,13.5,Lukasz-Fabianski,Away,West Ham
516,24,90,7,2,5,71.4,3.5,1,17,5.9,29,4,34.5,39.9,7,100.0,67.4,3,0,0.0,2,16.5,Robert-Sanchez,Home,Brighton
517,35,90,0,0,0,0.0,0.0,2,4,50.0,22,5,18.2,26.9,4,0.0,16.3,11,1,9.1,0,14.0,Hugo-Lloris,Away,Tottenham
518,28,90,5,0,5,100.0,2.2,8,24,33.3,17,1,100.0,72.2,7,100.0,72.6,15,2,13.3,0,8.5,Jordan-Pickford,Home,Everton
519,30,90,4,1,3,75.0,1.2,2,4,50.0,21,6,14.3,25.1,10,10.0,22.0,6,1,16.7,0,11.4,Edouard-Mendy,Away,Chelsea
520,21,90,1,0,1,100.0,0.2,3,5,60.0,29,4,17.2,25.6,6,0.0,17.7,5,0,0.0,2,19.0,Illan-Meslier,Home,Leeds United
521,38,90,3,1,2,66.7,0.9,9,20,45.0,25,6,44.0,42.8,12,75.0,52.3,13,2,15.4,0,16.9,Ben-Foster,Away,Watford
522,25,90,5,5,1,20.0,3.5,6,21,28.6,31,2,61.3,44.7,7,28.6,33.3,4,0,0.0,3,21.7,Angus-Gunn,Home,Norwich City
523,23,90,2,0,2,100.0,0.1,6,11,54.5,29,6,27.6,32.0,3,100.0,69.7,6,0,0.0,2,17.7,Aaron-Ramsdale,Away,Arsenal
524,35,90,2,0,2,100.0,0.2,7,13,53.8,28,10,32.1,31.3,9,44.4,38.7,4,1,25.0,1,18.6,Vicente-Guaita,Home,Crystal Palace
525,22,90,7,0,7,100.0,1.5,4,12,33.3,29,15,34.5,34.8,8,25.0,30.0,13,1,7.7,1,16.0,Illan-Meslier,Away,Leeds United
526,24,90,5,0,5,100.0,1.0,5,16,31.3,32,6,40.6,44.0,4,75.0,59.5,12,2,16.7,0,10.5,Robert-Sanchez,Home,Brighton
527,23,90,5,2,3,60.0,1.6,7,19,36.8,30,7,53.3,39.2,10,30.0,28.5,8,1,12.5,1,13.4,Alvaro-Fernandez,Away,Brentford
528,29,90,4,1,3,75.0,1.9,5,20,25.0,25,5,60.0,46.6,9,55.6,45.2,5,0,0.0,0,11.3,Emiliano-Martinez,Home,Aston Villa
529,35,90,4,2,2,50.0,1.2,6,10,60.0,12,3,41.7,39.8,5,100.0,70.0,4,0,0.0,0,14.3,Kasper-Schmeichel,Away,Leicester City
530,39,90,5,2,3,60.0,2.2,9,23,39.1,20,2,90.0,58.2,5,100.0,70.4,10,0,0.0,0,8.4,Ben-Foster,Home,Watford
531,26,90,4,1,2,75.0,0.4,11,16,68.8,30,5,40.0,36.2,9,44.4,41.2,10,0,0.0,1,11.8,David-Raya,Away,Brentford
532,26,90,4,0,4,100.0,1.1,10,26,38.5,33,8,51.5,44.9,10,90.0,63.4,17,0,0.0,1,12.6,David-Raya,Home,Brentford
533,34,90,5,3,2,40.0,1.8,5,13,38.5,20,3,50.0,42.5,9,33.3,28.9,8,2,25.0,0,18.4,Fraser-Forster,Away,Southampton
534,29,90,5,4,1,20.0,2.8,3,11,27.3,15,4,60.0,48.5,2,100.0,65.0,4,0,0.0,1,14.6,Nick-Pope,Home,Burnley
535,30,90,0,0,0,0.0,0.0,3,12,25.0,31,5,29.0,31.0,5,60.0,40.8,9,2,22.2,0,8.0,Edouard-Mendy,Away,Chelsea
536,33,90,2,1,1,50.0,0.6,6,20,30.0,18,2,77.8,52.6,6,100.0,73.8,7,0,0.0,1,12.1,Martin-Dubravka,Home,Newcastle Utd
537,35,90,6,2,4,66.7,1.8,13,19,68.4,20,5,60.0,42.6,10,70.0,51.7,6,0,0.0,1,13.8,Kasper-Schmeichel,Away,Leicester City
538,34,90,2,0,2,100.0,0.1,0,4,0.0,23,2,13.0,23.9,2,50.0,35.0,2,0,0.0,1,16.0,Vicente-Guaita,Home,Crystal Palace
539,28,90,6,2,4,66.7,1.9,4,14,28.6,19,7,42.1,39.5,7,85.7,68.7,7,0,0.0,0,13.2,Jose-Sa,Away,Wolves
540,28,90,2,0,2,100.0,0.2,7,13,53.8,22,4,40.9,37.3,6,66.7,42.3,10,2,20.0,2,14.4,Alisson,Home,Liverpool
541,34,90,10,3,7,70.0,2.4,5,12,41.7,17,3,47.1,39.1,8,50.0,39.0,17,1,5.9,0,12.0,Vicente-Guaita,Away,Crystal Palace
542,32,90,1,0,1,100.0,0.1,13,27,48.1,21,0,66.7,48.3,13,100.0,66.6,6,0,0.0,1,15.5,Martin-Dubravka,Home,Newcastle Utd
543,29,90,4,1,3,75.0,0.8,13,26,50.0,22,1,90.9,59.0,6,100.0,67.0,7,0,0.0,4,24.1,Nick-Pope,Away,Burnley
544,28,90,4,2,2,50.0,2.2,3,7,42.9,44,5,15.9,24.7,2,0.0,30.0,4,1,25.0,1,16.6,Ederson,Home,Manchester City
545,29,90,4,2,2,50.0,1.8,8,20,40.0,42,5,26.2,31.1,10,90.0,59.1,10,0,0.0,3,19.3,Alisson,Away,Liverpool
546,24,90,4,2,2,50.0,2.0,7,13,53.8,37,2,27.0,30.8,6,50.0,40.5,6,0,0.0,1,39.0,Robert-Sanchez,Home,Brighton
547,29,90,1,0,1,100.0,0.1,6,15,40.0,22,6,36.4,38.0,10,70.0,58.5,14,0,0.0,0,13.4,Emiliano-Martinez,Away,Aston Villa
548,33,90,5,1,4,80.0,0.6,4,17,23.5,24,3,62.5,45.5,4,50.0,42.8,15,0,0.0,1,13.9,Tim-Krul,Home,Norwich City
549,27,90,3,2,2,33.3,1.2,7,12,58.3,16,2,68.8,50.5,2,50.0,45.5,9,1,11.1,1,21.0,Jordan-Pickford,Away,Everton
550,31,90,0,0,0,0.0,0.0,4,9,44.4,23,4,21.7,28.9,4,100.0,70.8,5,1,20.0,1,22.4,Alex-McCarthy,Home,Southampton
551,21,90,4,1,3,75.0,1.1,6,18,33.3,37,3,37.8,34.3,15,26.7,29.6,8,0,0.0,2,21.0,Illan-Meslier,Away,Leeds United
552,35,90,1,1,1,100.0,0.8,7,15,46.7,23,1,43.5,40.5,8,62.5,47.9,7,0,0.0,0,13.5,Kasper-Schmeichel,Home,Leicester City
553,32,90,6,4,2,33.3,2.9,5,12,41.7,20,4,45.0,38.1,4,75.0,57.0,4,0,0.0,0,11.5,Alex-McCarthy,Away,Southampton
554,35,90,4,1,3,75.0,0.6,1,4,25.0,24,3,16.7,29.6,8,0.0,11.1,7,0,0.0,1,14.0,Hugo-Lloris,Home,Tottenham
555,24,90,0,0,0,0.0,0.0,3,23,13.0,41,5,48.8,43.9,3,100.0,77.7,4,0,0.0,1,10.8,Robert-Sanchez,Away,Brighton
556,33,90,8,3,5,62.5,3.4,2,8,25.0,26,4,30.8,34.1,4,0.0,21.3,7,0,0.0,1,18.0,Tim-Krul,Home,Norwich City
557,38,90,4,1,3,75.0,0.9,11,26,42.3,27,2,74.1,51.3,6,100.0,70.7,10,1,10.0,2,24.5,Ben-Foster,Away,Watford
558,29,90,2,1,1,50.0,1.0,3,7,42.9,19,2,31.6,34.7,4,25.0,35.3,6,0,0.0,3,24.0,Jose-Sa,Home,Wolves
559,23,90,4,0,4,100.0,0.2,3,21,14.3,22,7,63.6,46.0,9,77.8,64.0,24,2,8.3,1,13.1,Aaron-Ramsdale,Away,Arsenal
560,36,90,7,2,5,71.4,1.4,7,23,30.4,27,7,70.4,50.6,5,80.0,63.0,8,0,0.0,1,10.6,Lukasz-Fabianski,Home,West Ham
561,29,90,3,3,1,33.3,1.3,4,10,40.0,22,5,27.3,30.9,8,50.0,37.0,7,1,14.3,0,6.4,Edouard-Mendy,Away,Chelsea
562,28,90,2,1,1,50.0,1.0,10,11,90.9,42,2,26.2,30.2,3,0.0,19.0,4,1,25.0,0,8.3,Ederson,Home,Manchester City
563,31,90,10,4,6,60.0,3.3,6,12,50.0,16,2,37.5,28.9,11,54.5,36.7,6,0,0.0,0,15.0,David-de-Gea,Away,Manchester Utd
564,28,90,5,1,4,80.0,1.4,3,14,21.4,30,9,40.0,41.2,5,40.0,37.8,7,1,14.3,0,11.8,Jose-Sa,Home,Wolves
565,27,90,4,2,2,50.0,1.6,1,16,6.3,20,0,65.0,51.5,3,100.0,72.0,2,0,0.0,1,13.3,Jordan-Pickford,Away,Everton
566,34,90,14,6,8,57.1,5.0,7,23,30.4,23,2,69.6,54.0,7,100.0,69.0,3,0,0.0,1,11.0,Fraser-Forster,Home,Southampton
567,30,90,1,0,1,100.0,0.6,0,0,0.0,13,2,0.0,16.9,3,0.0,11.0,11,0,0.0,0,6.0,Edouard-Mendy,Away,Chelsea
568,36,90,1,0,1,100.0,0.0,7,16,43.8,25,2,60.0,46.4,5,20.0,22.0,8,1,12.5,0,9.0,Lukasz-Fabianski,Home,West Ham
569,29,90,4,1,3,75.0,1.4,4,15,26.7,32,3,37.5,35.1,12,25.0,29.2,10,0,0.0,1,15.8,Jose-Sa,Away,Wolves
570,28,90,2,1,1,50.0,0.7,6,15,40.0,18,4,61.1,43.7,4,100.0,67.5,10,0,0.0,0,12.1,Jose-Sa,Home,Wolves
571,30,90,3,2,1,33.3,1.4,4,12,33.3,21,4,47.6,39.3,4,50.0,39.5,1,0,0.0,0,17.7,Karl-Darlow,Away,Newcastle Utd
572,29,90,7,3,4,57.1,2.7,2,9,22.2,19,3,42.1,35.1,8,12.5,23.8,7,1,14.3,0,18.0,Emiliano-Martinez,Home,Aston Villa
573,21,90,4,3,1,25.0,2.6,2,7,28.6,21,8,28.6,33.0,7,14.3,27.7,5,1,20.0,0,14.3,Illan-Meslier,Away,Leeds United
574,34,90,1,1,0,0.0,0.4,1,3,33.3,14,5,14.3,24.4,3,33.3,28.3,2,0,0.0,1,16.0,Vicente-Guaita,Home,Crystal Palace
575,31,90,4,1,3,75.0,1.2,14,31,45.2,20,1,100.0,63.7,12,91.7,68.2,15,1,6.7,1,16.6,Karl-Darlow,Away,Newcastle Utd
576,34,90,3,1,2,66.7,0.9,7,16,43.8,18,4,55.6,47.1,10,60.0,42.7,15,0,0.0,2,14.3,Hugo-Lloris,Home,Tottenham
577,29,90,7,2,6,71.4,1.7,3,17,17.6,32,5,50.0,41.3,7,14.3,27.3,1,0,0.0,2,18.3,Emiliano-Martinez,Away,Aston Villa
578,21,90,1,0,1,100.0,0.2,3,6,50.0,29,5,20.7,27.0,10,0.0,19.8,8,0,0.0,1,11.8,Illan-Meslier,Home,Leeds United
579,34,90,2,1,2,100.0,0.9,6,17,35.3,28,5,42.9,32.3,9,55.6,39.6,6,0,0.0,1,16.8,Vicente-Guaita,Away,Crystal Palace
580,29,90,5,5,0,0.0,3.6,8,17,47.1,34,9,38.2,34.5,9,44.4,35.2,2,0,0.0,1,10.9,Jose-Sa,Home,Wolves
581,28,90,3,1,2,66.7,0.7,5,6,83.3,23,4,21.7,31.9,2,50.0,32.0,10,1,10.0,1,16.6,Ederson,Away,Manchester City
582,28,90,3,1,2,66.7,0.9,7,16,43.8,29,6,51.7,43.8,7,14.3,31.4,9,0,0.0,0,11.5,Jordan-Pickford,Home,Everton
583,29,90,2,0,2,100.0,0.3,10,16,62.5,26,6,42.3,36.7,7,71.4,52.6,7,1,14.3,4,20.4,Jose-Sa,Away,Wolves
584,28,90,1,1,1,0.0,0.3,3,14,21.4,30,8,43.3,38.7,2,50.0,49.5,9,2,22.2,0,10.1,Jack-Butland,Home,Crystal Palace
585,29,90,4,1,3,75.0,1.6,10,17,58.8,22,6,54.5,41.0,5,100.0,66.2,8,0,0.0,3,28.6,Nick-Pope,Away,Burnley
586,31,90,3,0,3,100.0,0.5,1,8,12.5,18,3,27.8,32.9,10,30.0,33.7,12,0,0.0,1,15.5,David-de-Gea,Home,Manchester Utd
587,24,90,7,2,5,71.4,2.6,6,17,35.3,38,4,34.2,34.5,5,80.0,56.6,4,0,0.0,0,12.2,Robert-Sanchez,Away,Brighton
588,27,90,5,1,4,80.0,0.7,7,19,36.8,23,7,65.2,49.0,7,57.1,55.4,11,1,9.1,0,10.6,Jordan-Pickford,Home,Everton
589,29,90,5,3,2,40.0,1.9,6,13,46.2,16,5,62.5,53.0,5,60.0,56.8,5,0,0.0,0,10.1,Nick-Pope,Away,Burnley
590,29,90,5,1,4,80.0,2.4,7,25,28.0,20,3,80.0,52.2,9,100.0,69.0,10,1,10.0,2,24.3,Nick-Pope,Home,Burnley
591,31,90,3,1,2,66.7,0.8,5,13,38.5,16,4,50.0,44.1,6,83.3,59.3,6,0,0.0,0,13.0,David-de-Gea,Away,Manchester Utd
592,21,90,10,4,6,60.0,3.1,4,6,66.7,17,8,29.4,32.4,2,50.0,41.5,3,1,33.3,0,9.2,Illan-Meslier,Home,Leeds United
593,35,90,2,0,2,100.0,0.5,3,5,60.0,18,7,11.1,26.0,12,25.0,28.2,12,1,8.3,3,25.0,Hugo-Lloris,Away,Tottenham
594,29,90,6,1,5,83.3,1.1,5,15,33.3,20,5,30.0,31.6,10,90.0,64.8,15,2,13.3,0,13.8,Edouard-Mendy,Home,Chelsea
595,24,90,5,1,3,80.0,1.1,5,9,55.6,33,4,24.2,33.4,4,25.0,26.5,7,1,14.3,1,15.0,Robert-Sanchez,Away,Brighton
596,26,90,5,1,4,80.0,1.6,5,18,27.8,26,9,50.0,38.8,8,62.5,43.9,13,1,7.7,0,13.7,Angus-Gunn,Home,Norwich City
597,35,90,1,1,0,0.0,0.7,3,5,60.0,22,5,22.7,27.7,5,0.0,12.6,2,0,0.0,0,15.2,Vicente-Guaita,Away,Crystal Palace
598,23,90,4,0,4,100.0,1.0,9,22,40.9,47,6,36.2,36.6,7,71.4,43.6,20,2,10.0,1,15.0,Alvaro-Fernandez,Home,Brentford
599,27,90,3,1,3,100.0,1.1,8,14,57.1,21,2,61.9,46.0,2,50.0,40.5,9,3,33.3,2,27.8,Jordan-Pickford,Away,Everton
600,24,90,2,1,1,50.0,0.6,1,5,20.0,22,2,22.7,32.2,5,0.0,12.8,19,1,5.3,0,16.8,Robert-Sanchez,Home,Brighton
601,37,90,7,3,4,57.1,2.1,4,21,19.0,29,4,58.6,46.9,7,57.1,43.1,9,0,0.0,2,14.5,Lukasz-Fabianski,Away,West Ham
602,34,90,6,1,5,83.3,1.2,7,14,50.0,27,6,51.9,40.7,4,0.0,26.3,8,0,0.0,0,10.5,Vicente-Guaita,Home,Crystal Palace
603,27,90,6,3,3,50.0,1.3,6,16,37.5,16,4,50.0,43.3,8,100.0,73.0,8,2,25.0,0,10.5,Jordan-Pickford,Away,Everton
604,34,90,6,0,6,100.0,1.4,8,31,25.8,21,1,95.2,60.9,11,100.0,68.3,7,0,0.0,0,14.5,Asmir-Begovic,Home,Everton
605,33,90,3,1,2,66.7,0.8,6,12,50.0,21,3,28.6,30.1,6,100.0,62.7,6,2,33.3,0,14.5,Martin-Dubravka,Away,Newcastle Utd
606,23,90,1,0,1,100.0,0.0,8,13,61.5,31,4,38.7,35.4,5,20.0,28.4,10,2,20.0,0,15.4,Aaron-Ramsdale,Home,Arsenal
607,38,90,5,1,4,80.0,1.7,8,27,29.6,35,2,62.9,52.7,5,100.0,70.6,8,0,0.0,1,13.7,Ben-Foster,Away,Watford
608,34,90,8,1,7,87.5,1.3,11,23,47.8,42,9,45.2,37.3,10,40.0,38.4,12,0,0.0,0,5.7,Kasper-Schmeichel,Home,Leicester City
609,28,90,1,0,1,100.0,0.3,2,4,50.0,18,7,22.2,31.2,6,0.0,25.7,6,0,0.0,1,14.0,Ederson,Away,Manchester City
610,33,90,2,0,2,100.0,0.0,2,11,18.2,17,3,35.3,35.5,5,100.0,66.8,6,0,0.0,1,12.3,Martin-Dubravka,Home,Newcastle Utd
611,29,90,3,1,3,100.0,1.2,4,13,30.8,21,5,42.9,39.9,8,50.0,42.6,8,1,12.5,1,15.9,Jose-Sa,Away,Wolves
612,29,90,2,0,2,100.0,0.2,1,9,11.1,16,1,43.8,38.6,5,40.0,37.6,9,0,0.0,0,11.0,Emiliano-Martinez,Home,Aston Villa
613,31,90,5,2,3,60.0,1.2,3,7,42.9,32,2,12.5,26.2,6,50.0,43.8,11,1,9.1,0,13.0,Jason-Steele,Away,Brighton
614,35,90,1,1,0,0.0,0.4,3,7,42.9,16,3,43.8,34.6,5,0.0,10.2,9,0,0.0,0,8.0,Hugo-Lloris,Home,Tottenham
615,33,90,6,5,1,16.7,4.3,4,12,33.3,25,6,24.0,30.6,11,54.5,45.4,10,0,0.0,0,14.5,Martin-Dubravka,Away,Newcastle Utd
616,29,90,4,1,3,75.0,1.2,8,10,80.0,14,7,50.0,45.6,7,42.9,37.7,12,1,8.3,0,13.0,Emiliano-Martinez,Home,Aston Villa
617,29,90,4,1,3,75.0,1.0,6,8,75.0,25,5,20.0,30.6,6,50.0,39.0,6,0,0.0,1,15.0,Jack-Butland,Away,Crystal Palace
618,35,90,4,0,4,100.0,1.0,6,19,31.6,30,6,53.3,38.1,6,50.0,48.3,9,0,0.0,0,11.0,Vicente-Guaita,Home,Crystal Palace
619,31,90,3,1,2,66.7,0.8,1,2,50.0,16,4,12.5,24.6,4,0.0,13.0,5,1,20.0,1,17.8,David-de-Gea,Away,Manchester Utd
620,35,90,0,0,0,0.0,0.0,2,4,50.0,20,4,20.0,28.3,5,0.0,15.4,5,2,40.0,0,10.0,Hugo-Lloris,Home,Tottenham
621,28,90,7,5,3,28.6,3.0,1,12,8.3,19,2,57.9,47.4,6,16.7,30.8,7,0,0.0,0,8.8,Jordan-Pickford,Away,Everton
622,36,90,1,0,1,100.0,0.5,8,17,47.1,25,2,48.0,42.8,9,55.6,39.8,8,2,25.0,1,17.5,Lukasz-Fabianski,Home,West Ham
623,38,90,2,1,0,50.0,0.4,5,22,22.7,16,0,75.0,50.1,10,100.0,68.2,10,0,0.0,1,37.0,Ben-Foster,Away,Watford
624,34,90,4,3,1,25.0,2.1,1,5,20.0,19,2,26.3,27.2,4,0.0,26.8,4,0,0.0,1,21.7,Hugo-Lloris,Home,Tottenham
625,30,90,0,0,0,0.0,0.0,4,11,36.4,20,2,35.0,34.0,6,66.7,49.0,8,0,0.0,0,16.0,David-de-Gea,Away,Manchester Utd
626,35,90,4,0,4,100.0,0.5,2,7,28.6,22,9,22.7,33.7,5,40.0,28.2,10,1,10.0,0,12.1,Hugo-Lloris,Home,Tottenham
627,23,90,5,3,3,60.0,2.8,8,23,34.8,31,2,51.6,42.2,7,100.0,74.0,6,0,0.0,1,13.5,Aaron-Ramsdale,Away,Arsenal
628,27,90,3,0,3,100.0,1.0,3,7,42.9,25,8,20.0,28.4,4,50.0,42.0,3,0,0.0,0,12.3,Kepa-Arrizabalaga,Home,Chelsea
629,35,90,7,2,5,71.4,1.7,9,13,69.2,15,3,46.7,32.4,8,75.0,43.0,17,1,5.9,1,18.0,Hugo-Lloris,Away,Tottenham
630,23,90,1,2,0,0.0,1.3,12,33,36.4,28,2,85.7,62.6,9,100.0,76.2,4,0,0.0,0,9.8,Aaron-Ramsdale,Home,Arsenal
631,28,90,2,1,1,50.0,0.4,10,14,71.4,38,6,28.9,30.4,6,50.0,53.2,9,1,11.1,0,14.0,Ederson,Away,Manchester City
632,29,90,1,1,0,0.0,0.2,4,7,57.1,30,5,16.7,29.6,5,40.0,42.2,5,1,20.0,1,14.2,Alisson,Home,Liverpool
633,26,90,7,3,4,57.1,2.7,6,16,37.5,19,5,52.6,39.5,13,46.2,38.8,11,2,18.2,1,14.9,Angus-Gunn,Away,Norwich City
634,28,90,5,2,3,60.0,2.0,16,28,57.1,26,0,92.3,64.8,4,100.0,77.5,10,1,10.0,2,31.7,Jordan-Pickford,Home,Everton
635,29,90,6,3,3,50.0,2.1,6,18,33.3,21,2,38.1,33.0,13,76.9,59.5,13,0,0.0,2,20.3,Jack-Butland,Away,Crystal Palace
636,28,90,3,1,2,66.7,1.3,11,27,40.7,33,5,66.7,50.8,5,100.0,76.6,3,0,0.0,1,21.0,Jordan-Pickford,Home,Everton
637,35,90,3,1,2,66.7,1.5,10,18,55.6,29,0,41.4,34.7,11,54.5,44.9,3,0,0.0,0,9.0,Kasper-Schmeichel,Away,Leicester City
638,33,90,3,0,2,100.0,0.2,9,19,47.4,21,5,57.1,47.0,9,77.8,51.0,11,1,9.1,0,11.1,Tim-Krul,Home,Norwich City
639,23,90,2,0,2,100.0,0.0,5,12,41.7,32,6,15.6,29.1,7,100.0,69.7,8,0,0.0,3,22.5,Robert-Sanchez,Away,Brighton
640,32,90,6,1,5,83.3,1.9,8,25,32.0,25,4,52.0,45.7,13,92.3,64.2,11,0,0.0,0,7.4,Martin-Dubravka,Home,Newcastle Utd
641,33,90,0,1,0,0.0,1.0,6,8,75.0,15,3,33.3,35.3,6,50.0,40.7,5,0,0.0,0,17.5,Tim-Krul,Away,Norwich City
642,22,90,5,1,4,80.0,1.1,5,14,35.7,31,7,32.3,31.9,4,100.0,59.0,11,2,18.2,0,11.5,Illan-Meslier,Home,Leeds United
643,34,90,3,1,2,66.7,1.0,6,26,23.1,23,4,78.3,55.1,10,80.0,56.3,5,1,20.0,1,15.0,Fraser-Forster,Away,Southampton
644,29,90,1,0,1,100.0,0.1,3,12,25.0,41,4,29.3,33.9,4,0.0,17.5,3,1,33.3,2,23.0,Alisson,Home,Liverpool
645,23,90,13,3,10,76.9,3.9,9,35,25.7,39,1,69.2,48.2,9,88.9,55.9,15,1,6.7,0,9.3,Alvaro-Fernandez,Away,Brentford
646,35,90,1,1,0,0.0,0.4,2,6,33.3,14,3,28.6,29.1,5,40.0,30.6,7,0,0.0,0,10.5,Hugo-Lloris,Home,Tottenham
647,36,90,4,3,2,25.0,1.6,6,21,28.6,19,3,78.9,49.7,8,75.0,50.6,8,0,0.0,0,14.8,Lukasz-Fabianski,Away,West Ham
648,32,90,2,2,0,0.0,0.5,6,14,42.9,31,3,41.9,36.5,5,20.0,34.8,2,0,0.0,2,17.8,Jonas-Lossl,Home,Brentford
649,29,90,1,1,0,0.0,0.5,3,16,18.8,21,6,57.1,45.2,6,66.7,51.2,8,0,0.0,1,14.6,Jose-Sa,Away,Wolves
650,31,90,2,0,2,100.0,0.6,1,3,33.3,9,1,11.1,32.7,5,40.0,45.8,1,0,0.0,0,0.0,David-de-Gea,Home,Manchester Utd
651,38,90,3,0,3,100.0,0.2,12,38,31.6,26,3,84.6,56.0,17,94.1,68.2,17,1,5.9,1,11.8,Ben-Foster,Away,Watford
652,30,90,5,2,4,80.0,2.5,9,27,33.3,24,3,83.3,55.1,8,87.5,67.0,4,0,0.0,1,15.0,Nick-Pope,Home,Burnley
653,33,90,4,1,3,75.0,0.6,6,27,22.2,30,3,63.3,47.2,8,100.0,79.0,12,0,0.0,0,10.0,Martin-Dubravka,Away,Newcastle Utd
654,34,90,6,0,6,100.0,0.9,6,28,21.4,15,0,86.7,61.6,15,100.0,68.1,19,4,21.1,0,8.8,Fraser-Forster,Home,Southampton
655,23,90,3,1,2,66.7,0.8,4,5,80.0,35,8,14.3,26.6,2,0.0,25.0,6,0,0.0,4,19.0,Aaron-Ramsdale,Away,Arsenal
656,35,90,7,2,5,71.4,1.9,1,2,50.0,13,2,15.4,25.6,1,0.0,26.0,2,1,50.0,2,30.3,Hugo-Lloris,Home,Tottenham
657,29,90,7,0,7,100.0,1.1,6,22,27.3,25,2,68.0,46.5,7,71.4,53.1,9,0,0.0,3,14.2,Jose-Sa,Away,Wolves
658,31,90,3,1,2,66.7,1.1,3,7,42.9,22,3,27.3,30.7,3,33.3,27.7,1,1,100.0,0,12.0,Alex-McCarthy,Home,Southampton
659,28,90,6,0,6,100.0,0.4,12,24,50.0,30,7,63.3,52.7,6,83.3,60.3,12,1,8.3,0,12.5,Jose-Sa,Away,Wolves
660,35,90,7,3,4,57.1,2.9,9,20,45.0,33,7,42.4,42.5,7,85.7,50.3,4,0,0.0,1,14.1,Kasper-Schmeichel,Home,Leicester City
661,29,90,3,0,3,100.0,0.2,7,11,63.6,28,4,32.1,30.9,4,50.0,38.0,3,0,0.0,0,12.0,Edouard-Mendy,Away,Chelsea
662,29,90,6,2,4,66.7,1.3,1,5,20.0,17,4,29.4,32.8,5,0.0,26.4,7,1,14.3,0,9.0,Emiliano-Martinez,Home,Aston Villa
663,31,90,9,2,7,77.8,2.9,4,15,26.7,20,4,55.0,45.1,7,57.1,41.6,12,0,0.0,0,11.2,David-de-Gea,Away,Manchester Utd
664,28,90,4,1,3,75.0,2.6,4,21,19.0,26,5,61.5,50.7,8,62.5,52.6,15,1,6.7,2,14.7,Jose-Sa,Home,Wolves
665,29,90,1,0,1,100.0,0.5,2,5,40.0,22,7,18.2,26.9,2,50.0,36.0,4,1,25.0,3,19.8,Alisson,Away,Liverpool
666,28,90,1,0,1,100.0,0.2,4,6,66.7,30,5,20.0,25.8,2,0.0,17.0,7,0,0.0,1,16.3,Ederson,Home,Manchester City
667,27,90,6,1,5,83.3,1.1,0,16,0.0,35,8,34.3,36.8,8,50.0,42.4,4,0,0.0,3,18.3,Kepa-Arrizabalaga,Away,Chelsea
668,33,90,4,1,3,75.0,1.4,6,22,27.3,17,1,82.4,57.7,8,100.0,66.1,10,1,10.0,2,19.5,Fraser-Forster,Home,Southampton
669,23,90,6,4,3,33.3,3.5,5,16,31.3,37,6,35.1,34.5,6,50.0,46.2,9,0,0.0,1,19.2,Alvaro-Fernandez,Away,Brentford
670,29,90,8,4,4,50.0,2.5,10,17,58.8,25,3,56.0,45.1,7,42.9,45.3,6,0,0.0,1,14.8,Emiliano-Martinez,Home,Aston Villa
671,36,90,3,1,1,66.7,0.9,6,12,50.0,18,4,33.3,36.9,7,85.7,54.4,10,0,0.0,0,11.3,Lukasz-Fabianski,Away,West Ham
672,21,90,8,3,5,62.5,2.4,0,5,0.0,40,9,7.5,20.6,9,22.2,31.7,5,3,60.0,1,13.7,Illan-Meslier,Home,Leeds United
673,28,90,4,0,4,100.0,1.5,6,9,66.7,36,2,16.7,30.4,5,60.0,47.8,11,1,9.1,0,15.0,Alisson,Away,Liverpool
674,21,90,2,1,1,50.0,0.9,5,13,38.5,25,6,36.0,34.2,9,44.4,33.4,8,1,12.5,0,10.8,Illan-Meslier,Home,Leeds United
675,34,90,7,3,4,57.1,2.2,16,41,39.0,35,4,80.0,60.2,13,100.0,70.7,10,1,10.0,2,15.4,Wayne-Hennessey,Away,Burnley
676,27,90,8,5,3,37.5,4.5,4,20,20.0,28,4,60.7,48.5,8,37.5,44.0,15,0,0.0,0,18.0,Jordan-Pickford,Home,Everton
677,38,90,4,2,2,50.0,1.6,8,21,38.1,23,3,52.2,47.3,11,81.8,67.2,12,0,0.0,0,12.0,Ben-Foster,Away,Watford
678,26,90,5,2,4,80.0,1.6,6,17,35.3,26,8,30.8,32.6,9,100.0,66.1,5,0,0.0,1,14.3,David-Raya,Home,Brentford
679,22,90,5,1,4,80.0,1.2,6,22,27.3,24,4,54.2,42.0,10,90.0,59.2,7,0,0.0,3,16.6,Illan-Meslier,Away,Leeds United
680,34,90,1,0,1,100.0,0.3,5,7,71.4,19,3,21.1,31.8,9,33.3,27.0,11,1,9.1,3,18.9,Hugo-Lloris,Home,Tottenham
681,33,90,7,3,4,57.1,1.9,2,9,22.2,32,5,18.8,33.3,8,37.5,39.5,3,1,33.3,1,15.4,Tim-Krul,Away,Norwich City
682,35,90,3,2,1,33.3,1.6,4,14,28.6,26,1,46.2,40.6,4,50.0,37.8,6,0,0.0,1,11.7,Kasper-Schmeichel,Home,Leicester City
683,36,90,1,2,0,0.0,1.5,12,20,60.0,17,4,58.8,44.5,10,100.0,63.1,5,0,0.0,0,13.2,Lukasz-Fabianski,Away,West Ham
684,28,90,1,0,1,100.0,0.0,5,12,41.7,13,0,30.8,40.7,10,80.0,53.0,14,1,7.1,2,26.5,Emiliano-Martinez,Home,Aston Villa
685,24,90,1,2,0,0.0,1.4,0,15,0.0,19,3,42.1,35.1,11,63.6,51.7,7,0,0.0,0,17.4,Freddie-Woodman,Away,Newcastle Utd
686,30,90,7,3,4,57.1,2.1,5,13,38.5,23,8,47.8,41.2,3,66.7,52.7,6,0,0.0,4,23.4,Nick-Pope,Home,Burnley
687,29,90,6,1,5,83.3,1.5,12,26,46.2,32,5,62.5,44.6,11,54.5,40.9,10,2,20.0,0,11.0,Emiliano-Martinez,Away,Aston Villa
688,30,90,4,0,4,100.0,0.6,6,19,31.6,23,7,60.9,46.1,6,83.3,60.7,6,2,33.3,1,14.9,Nick-Pope,Home,Burnley
689,29,90,5,1,4,80.0,1.0,6,16,37.5,29,6,48.3,40.2,4,50.0,38.5,5,2,40.0,1,17.9,Jose-Sa,Away,Wolves
690,33,90,4,1,3,75.0,1.6,12,31,38.7,26,1,88.5,55.0,8,100.0,68.5,17,1,5.9,0,9.0,Martin-Dubravka,Home,Newcastle Utd
691,24,90,4,2,2,50.0,2.0,6,14,42.9,30,5,36.7,33.2,4,75.0,58.3,6,0,0.0,0,12.0,Robert-Sanchez,Away,Brighton
692,33,90,2,0,2,100.0,0.2,7,15,46.7,20,1,45.0,39.6,6,100.0,76.8,10,0,0.0,0,17.0,Martin-Dubravka,Home,Newcastle Utd
693,35,90,4,1,3,75.0,0.7,8,19,42.1,37,8,43.2,32.8,4,75.0,52.8,2,1,50.0,3,20.5,Vicente-Guaita,Away,Crystal Palace
694,36,90,2,2,0,0.0,1.1,2,9,22.2,10,1,50.0,46.6,6,66.7,43.8,6,1,16.7,0,13.0,Lukasz-Fabianski,Home,West Ham
695,34,90,4,2,2,50.0,0.9,7,12,58.3,30,8,26.7,26.7,9,44.4,36.0,14,0,0.0,1,12.2,Vicente-Guaita,Away,Crystal Palace
696,26,90,11,2,9,81.8,2.7,21,44,47.7,33,2,90.9,55.9,15,93.3,65.1,13,0,0.0,0,12.5,David-Raya,Home,Brentford
697,33,90,1,0,1,100.0,0.2,5,7,71.4,13,1,15.4,27.3,7,71.4,52.0,7,0,0.0,0,15.0,Martin-Dubravka,Away,Newcastle Utd
698,28,90,2,1,1,50.0,0.8,3,5,60.0,20,5,25.0,27.1,3,0.0,23.7,1,0,0.0,2,29.5,Ederson,Home,Manchester City
699,39,90,7,5,3,42.9,3.8,6,23,26.1,18,0,83.3,52.3,8,100.0,67.3,7,1,14.3,1,11.3,Ben-Foster,Away,Watford
700,30,90,6,4,2,33.3,3.1,6,10,60.0,18,1,44.4,34.9,7,28.6,22.0,5,1,20.0,0,18.0,Edouard-Mendy,Home,Chelsea
701,26,90,8,1,7,87.5,1.3,11,21,52.4,23,5,52.2,45.1,12,75.0,56.7,13,1,7.7,0,11.8,David-Raya,Away,Brentford
702,37,90,7,2,5,71.4,2.3,6,15,40.0,29,6,34.5,34.0,6,83.3,59.5,2,0,0.0,0,16.7,Lukasz-Fabianski,Home,West Ham
703,23,90,3,1,2,66.7,1.0,2,13,15.4,18,5,55.6,48.2,5,60.0,55.4,15,0,0.0,1,18.0,Aaron-Ramsdale,Away,Arsenal
704,29,90,3,1,3,100.0,1.3,1,1,100.0,16,5,6.3,20.3,2,0.0,25.0,8,0,0.0,0,7.3,Emiliano-Martinez,Home,Aston Villa
705,30,90,9,1,8,88.9,2.0,10,30,33.3,24,7,62.5,56.0,15,100.0,68.6,21,2,9.5,1,13.9,Nick-Pope,Away,Burnley
706,26,90,4,3,1,25.0,2.4,10,34,29.4,33,5,72.7,56.2,10,100.0,65.9,11,1,9.1,2,14.1,David-Raya,Home,Brentford
707,28,90,3,3,0,0.0,1.4,10,14,71.4,23,6,39.1,37.4,7,71.4,49.7,10,1,10.0,2,16.9,Alisson,Away,Liverpool
708,21,90,12,4,8,66.7,2.5,5,13,38.5,33,6,36.4,34.0,5,20.0,23.2,1,0,0.0,2,24.0,Illan-Meslier,Home,Leeds United
709,23,90,1,1,1,100.0,1.0,7,22,31.8,32,6,43.8,39.8,8,100.0,68.3,6,1,16.7,1,16.5,Aaron-Ramsdale,Away,Arsenal
710,27,90,4,2,2,50.0,2.1,11,26,42.3,27,2,88.9,59.2,2,100.0,59.5,6,0,0.0,1,16.0,Daniel-Bachmann,Home,Watford
711,29,90,6,1,5,83.3,1.3,7,12,58.3,23,4,39.1,35.6,4,75.0,54.3,17,3,17.6,0,14.7,Edouard-Mendy,Away,Chelsea
712,34,90,2,0,2,100.0,0.3,5,6,83.3,20,1,30.0,30.9,3,0.0,8.3,6,0,0.0,0,11.7,Vicente-Guaita,Home,Crystal Palace
713,25,90,5,3,3,60.0,2.7,8,13,61.5,22,3,50.0,39.6,5,40.0,33.4,9,0,0.0,1,18.8,Angus-Gunn,Away,Norwich City
714,34,90,5,2,3,60.0,0.3,6,14,42.9,24,4,45.8,38.9,6,50.0,43.3,8,1,12.5,1,16.0,Fraser-Forster,Home,Southampton
715,35,90,3,1,2,66.7,0.4,6,11,54.5,38,4,26.3,31.8,7,14.3,22.3,7,0,0.0,0,7.0,Vicente-Guaita,Away,Crystal Palace
716,24,90,7,4,3,42.9,3.1,4,9,44.4,17,4,23.5,27.9,10,50.0,43.5,5,0,0.0,0,9.7,Freddie-Woodman,Home,Newcastle Utd
717,36,90,3,2,1,33.3,1.5,8,20,40.0,20,2,65.0,46.7,11,63.6,49.8,17,1,5.9,0,9.0,Lukasz-Fabianski,Away,West Ham
718,36,90,1,1,0,0.0,0.9,2,6,33.3,16,5,25.0,30.1,2,100.0,72.5,11,0,0.0,0,10.0,Lukasz-Fabianski,Home,West Ham
719,29,90,6,1,5,83.3,1.5,10,28,35.7,21,4,81.0,61.2,11,100.0,74.4,23,2,8.7,2,15.6,Nick-Pope,Away,Burnley
720,36,90,10,2,7,80.0,2.7,4,13,30.8,15,4,60.0,47.7,10,40.0,35.2,14,1,7.1,0,5.0,Lukasz-Fabianski,Home,West Ham
721,30,90,3,1,2,66.7,1.4,2,2,100.0,15,6,13.3,28.3,7,0.0,24.6,10,1,10.0,0,8.8,David-de-Gea,Away,Manchester Utd
722,29,90,3,0,3,100.0,1.4,4,7,57.1,44,10,15.9,27.8,3,0.0,14.0,7,0,0.0,2,14.6,Alisson,Home,Liverpool
723,31,90,6,4,2,33.3,2.4,9,29,31.0,23,1,69.6,52.4,13,100.0,72.7,7,0,0.0,0,10.4,Alex-McCarthy,Away,Southampton
724,28,90,1,0,1,100.0,0.2,11,14,78.6,35,7,37.1,31.9,3,33.3,38.3,4,1,25.0,0,16.4,Ederson,Home,Manchester City
725,24,90,5,3,2,40.0,2.6,6,18,33.3,36,4,36.1,37.0,9,55.6,43.0,9,1,11.1,0,9.0,Robert-Sanchez,Away,Brighton
726,29,90,6,2,4,66.7,1.3,12,30,40.0,32,2,81.3,53.3,4,100.0,65.8,10,0,0.0,3,25.8,Nick-Pope,Home,Burnley
727,35,90,2,0,2,100.0,0.9,5,15,33.3,19,3,57.9,45.4,10,40.0,39.5,6,0,0.0,0,13.0,Kasper-Schmeichel,Away,Leicester City
728,21,90,3,1,2,66.7,1.8,6,11,54.5,24,7,29.2,29.0,10,40.0,38.2,1,0,0.0,0,15.0,Illan-Meslier,Home,Leeds United
729,35,90,5,1,4,80.0,1.1,6,18,33.3,30,6,30.0,36.2,14,64.3,44.0,9,1,11.1,0,11.3,Kasper-Schmeichel,Away,Leicester City
730,34,90,2,0,2,100.0,0.3,4,11,36.4,20,4,45.0,38.4,5,40.0,39.0,15,2,13.3,1,13.7,Hugo-Lloris,Home,Tottenham
731,23,90,6,2,5,66.7,2.1,7,16,43.8,32,4,40.6,34.8,4,75.0,42.0,6,0,0.0,0,8.0,Alvaro-Fernandez,Away,Brentford
732,29,90,1,0,1,100.0,0.0,2,2,100.0,15,3,6.7,23.1,3,33.3,38.3,4,1,25.0,2,20.3,Alisson,Home,Liverpool
733,35,90,12,2,10,83.3,2.6,13,25,52.0,23,4,69.6,43.4,9,100.0,68.9,10,1,10.0,1,13.8,Kasper-Schmeichel,Away,Leicester City
734,25,90,4,0,4,100.0,0.4,10,37,27.0,35,5,60.0,45.6,16,100.0,68.8,10,0,0.0,0,12.1,David-Raya,Home,Brentford
735,29,90,3,2,1,33.3,0.9,3,9,33.3,26,3,19.2,28.8,8,50.0,36.5,6,0,0.0,0,5.5,Bernd-Leno,Away,Arsenal
736,29,90,4,0,4,100.0,0.5,5,9,55.6,35,6,14.3,25.8,8,50.0,45.8,7,1,14.3,0,15.7,Alisson,Home,Liverpool
737,36,90,5,1,4,80.0,1.6,11,28,39.3,27,2,81.5,49.4,8,75.0,52.0,9,1,11.1,0,13.5,Lukasz-Fabianski,Away,West Ham
738,29,90,4,3,1,25.0,2.7,4,12,33.3,26,2,34.6,32.5,7,42.9,35.7,5,0,0.0,0,19.0,Emiliano-Martinez,Home,Aston Villa
739,28,90,5,2,3,60.0,1.7,2,14,14.3,21,9,33.3,37.1,13,53.8,45.5,12,1,8.3,1,15.3,Jose-Sa,Away,Wolves
740,34,90,5,2,3,60.0,1.9,4,10,40.0,36,6,25.0,33.8,6,16.7,30.3,5,1,20.0,0,15.0,Kasper-Schmeichel,Home,Leicester City
741,23,90,8,0,6,100.0,1.5,7,30,23.3,39,6,64.1,48.3,7,71.4,54.6,9,0,0.0,1,14.7,Aaron-Ramsdale,Away,Arsenal
742,29,90,1,0,1,100.0,0.0,4,8,50.0,60,8,11.7,25.4,4,25.0,27.3,1,0,0.0,4,18.5,Alisson,Home,Liverpool
743,31,90,5,4,1,20.0,2.8,4,13,30.8,18,5,50.0,39.1,5,80.0,66.2,5,0,0.0,1,16.5,David-de-Gea,Away,Manchester Utd
744,27,90,8,1,7,87.5,1.3,4,17,23.5,28,7,50.0,44.7,9,33.3,36.2,9,1,11.1,0,11.0,Jordan-Pickford,Home,Everton
745,28,90,2,0,2,100.0,0.4,2,11,18.2,28,3,35.7,38.3,5,20.0,21.8,5,0,0.0,0,9.6,Ederson,Away,Manchester City
746,29,90,1,0,1,100.0,0.3,5,15,33.3,21,1,57.1,45.9,10,30.0,31.1,8,0,0.0,0,8.5,Emiliano-Martinez,Home,Aston Villa
747,33,90,9,4,5,55.6,3.8,7,16,43.8,28,7,46.4,39.7,4,75.0,55.8,3,0,0.0,1,16.4,Fraser-Forster,Away,Southampton
748,34,90,3,0,3,100.0,0.3,6,12,50.0,31,7,29.0,32.9,8,37.5,32.6,8,2,25.0,1,16.0,Kasper-Schmeichel,Home,Leicester City
749,28,90,5,1,4,80.0,1.5,2,6,33.3,17,5,29.4,34.9,3,33.3,34.7,3,0,0.0,1,12.0,Jose-Sa,Away,Wolves
750,26,90,1,1,0,0.0,0.5,12,22,54.5,47,8,44.7,40.8,4,25.0,20.3,5,1,20.0,1,15.0,David-Raya,Home,Brentford
751,29,90,5,0,4,100.0,1.7,2,12,16.7,24,4,45.8,38.0,1,100.0,67.0,18,0,0.0,0,10.8,Edouard-Mendy,Away,Chelsea
752,29,90,3,0,3,100.0,0.3,12,26,46.2,19,5,78.9,55.3,12,91.7,59.5,11,2,18.2,0,17.2,Nick-Pope,Home,Burnley
753,36,90,1,0,1,100.0,0.0,8,26,30.8,20,2,85.0,57.1,10,90.0,62.4,7,0,0.0,0,17.3,Lukasz-Fabianski,Away,West Ham
754,33,90,3,2,1,33.3,1.1,4,18,22.2,37,9,43.2,37.5,3,66.7,45.7,5,2,40.0,1,16.0,Fraser-Forster,Home,Southampton
755,33,90,5,1,4,80.0,2.6,18,21,85.7,25,3,64.0,45.8,5,100.0,68.0,10,1,10.0,0,9.8,Martin-Dubravka,Away,Newcastle Utd
756,28,90,1,0,1,100.0,0.1,5,17,29.4,28,5,50.0,40.3,7,42.9,41.9,12,3,25.0,0,13.3,Jose-Sa,Home,Wolves
757,29,90,1,0,1,100.0,0.4,1,2,50.0,17,2,11.8,23.9,1,0.0,15.0,8,0,0.0,1,19.5,Edouard-Mendy,Away,Chelsea
758,29,90,1,0,1,100.0,0.1,1,3,33.3,16,2,18.8,24.6,4,0.0,13.0,3,0,0.0,0,21.0,Edouard-Mendy,Home,Chelsea
759,34,90,6,3,3,50.0,1.8,4,11,36.4,33,5,27.3,29.7,8,25.0,19.8,10,2,20.0,0,9.0,Vicente-Guaita,Away,Crystal Palace
